{
	"textures": {
		"0": "animated_java:blueprint/lightning/lightning",
		"particle": "minecraft:item/pufferfish"
	},
	"display": {
		"head": {
			"rotation": [0, 180, 0]
		}
	},
	"elements": [
		{
			"from": [8.25, 8.5, 8],
			"to": [7.25, 7.5, 3],
			"rotation": {
				"angle": 0,
				"axis": "y",
				"origin": [8.25, 8.5, 9]
			},
			"faces": {
				"north": {
					"uv": [4, 4, 5, 5],
					"texture": "#0"
				},
				"east": {
					"uv": [0, 0, 5, 1],
					"texture": "#0"
				},
				"south": {
					"uv": [5, 0, 6, 1],
					"texture": "#0"
				},
				"west": {
					"uv": [0, 1, 5, 2],
					"texture": "#0"
				},
				"up": {
					"uv": [1, 7, 0, 2],
					"texture": "#0"
				},
				"down": {
					"uv": [2, 2, 1, 7],
					"texture": "#0"
				}
			}
		},
		{
			"from": [7.5, 7.75, 3],
			"to": [8, 8.25, 8],
			"rotation": {
				"angle": 0,
				"axis": "y",
				"origin": [7.25, 7.5, 4]
			},
			"faces": {
				"north": {
					"uv": [5, 1, 6, 2],
					"texture": "#0"
				},
				"east": {
					"uv": [2, 2, 7, 3],
					"texture": "#0"
				},
				"south": {
					"uv": [4, 5, 5, 6],
					"texture": "#0"
				},
				"west": {
					"uv": [2, 3, 7, 4],
					"texture": "#0"
				},
				"up": {
					"uv": [3, 9, 2, 4],
					"texture": "#0"
				},
				"down": {
					"uv": [4, 4, 3, 9],
					"texture": "#0"
				}
			}
		}
	]
}