{
	"textures": {
		"0": "animated_java:blueprint/cutter/cutter",
		"particle": "minecraft:item/pufferfish"
	},
	"display": {
		"head": {
			"rotation": [0, 180, 0]
		}
	},
	"elements": [
		{
			"from": [-3.65714, 8, 5.25714],
			"to": [20.34286, 8, 8.34286],
			"faces": {
				"north": {
					"uv": [0, 0, 16, 0],
					"texture": "#0"
				},
				"east": {
					"uv": [0, 0, 9, 0],
					"texture": "#0"
				},
				"south": {
					"uv": [0, 0, 16, 0],
					"texture": "#0"
				},
				"west": {
					"uv": [0, 0, 9, 0],
					"texture": "#0"
				},
				"up": {
					"uv": [0, 5.25, 16, 9],
					"texture": "#0"
				},
				"down": {
					"uv": [0, 5.25, 16, 9],
					"rotation": 180,
					"texture": "#0"
				}
			}
		}
	]
}