{
	"textures": {
		"0": "animated_java:blueprint/laceration/laceration",
		"particle": "minecraft:item/pufferfish"
	},
	"display": {
		"head": {
			"rotation": [0, 180, 0]
		}
	},
	"elements": [
		{
			"from": [-3.81538, 8, 5.04615],
			"to": [20.18462, 12.43077, 5.04615],
			"rotation": {
				"angle": 0,
				"axis": "y",
				"origin": [11.32308, 8, 5.41538]
			},
			"faces": {
				"north": {
					"uv": [0, 5.25, 16, 8],
					"texture": "#0"
				},
				"east": {
					"uv": [0, 0, 0, 9.25],
					"texture": "#0"
				},
				"south": {
					"uv": [0, 5.25, 16, 8],
					"texture": "#0"
				},
				"west": {
					"uv": [0, 0, 0, 9.25],
					"texture": "#0"
				},
				"up": {
					"uv": [0, 0, 16, 0],
					"texture": "#0"
				},
				"down": {
					"uv": [0, 0, 16, 0],
					"texture": "#0"
				}
			}
		}
	]
}