{
	"textures": {
		"0": "animated_java:blueprint/ruin_star/inner_star",
		"particle": "minecraft:item/pufferfish"
	},
	"display": {
		"head": {
			"rotation": [0, 180, 0]
		}
	},
	"elements": [
		{
			"from": [7.25, 7.25, 7.25],
			"to": [8.75, 8.75, 8.75],
			"rotation": {
				"angle": 0,
				"axis": "y",
				"origin": [8, 7, 8]
			},
			"faces": {
				"north": {
					"uv": [0, 0, 2, 2],
					"texture": "#0"
				},
				"east": {
					"uv": [0, 2, 2, 4],
					"texture": "#0"
				},
				"south": {
					"uv": [2, 0, 4, 2],
					"texture": "#0"
				},
				"west": {
					"uv": [2, 2, 4, 4],
					"texture": "#0"
				},
				"up": {
					"uv": [2, 6, 0, 4],
					"texture": "#0"
				},
				"down": {
					"uv": [6, 0, 4, 2],
					"texture": "#0"
				}
			}
		}
	]
}