{
	"textures": {
		"1": "animated_java:blueprint/ruin_star/outer_star",
		"particle": "minecraft:item/pufferfish"
	},
	"display": {
		"head": {
			"rotation": [0, 180, 0]
		}
	},
	"elements": [
		{
			"from": [9, 9, 9],
			"to": [7, 7, 7],
			"rotation": {
				"angle": 0,
				"axis": "y",
				"origin": [10, 9, 10]
			},
			"faces": {
				"north": {
					"uv": [0, 0, 2, 2],
					"texture": "#1"
				},
				"east": {
					"uv": [0, 2, 2, 4],
					"texture": "#1"
				},
				"south": {
					"uv": [2, 0, 4, 2],
					"texture": "#1"
				},
				"west": {
					"uv": [2, 2, 4, 4],
					"texture": "#1"
				},
				"up": {
					"uv": [2, 6, 0, 4],
					"texture": "#1"
				},
				"down": {
					"uv": [6, 0, 4, 2],
					"texture": "#1"
				}
			}
		}
	]
}