{
	"textures": {
		"5": "animated_java:blueprint/lich/empty_aura",
		"particle": "minecraft:item/pufferfish"
	},
	"display": {
		"head": {
			"rotation": [0, 180, 0]
		}
	},
	"elements": [
		{
			"from": [-15.15789, 8, 8],
			"to": [8.84211, 16, 8],
			"rotation": {
				"angle": 0,
				"axis": "y",
				"origin": [8, 8, 8]
			},
			"faces": {
				"north": {
					"uv": [12, 4.75, 0, 9.5],
					"texture": "#5"
				},
				"east": {
					"uv": [0, 0, 0, 4.75],
					"texture": "#5"
				},
				"south": {
					"uv": [0, 4.75, 12, 9.5],
					"texture": "#5"
				},
				"west": {
					"uv": [0, 0, 0, 4.75],
					"texture": "#5"
				},
				"up": {
					"uv": [12, 0, 0, 0],
					"texture": "#5"
				},
				"down": {
					"uv": [0, 0, 12, 0],
					"texture": "#5"
				}
			}
		}
	]
}