{
	"textures": {
		"0": "animated_java:blueprint/lich/lich_hair",
		"particle": "minecraft:item/pufferfish"
	},
	"display": {
		"head": {
			"rotation": [0, 180, 0]
		}
	},
	"elements": [
		{
			"from": [5, 2.25, 8],
			"to": [11, 7.75, 8],
			"rotation": {
				"angle": 0,
				"axis": "y",
				"origin": [8, 5.25, 6.75]
			},
			"faces": {
				"north": {
					"uv": [0, 8, 1.5, 9.375],
					"texture": "#0"
				},
				"east": {
					"uv": [0, 0, 0, 1.375],
					"texture": "#0"
				},
				"south": {
					"uv": [8.25, 0, 9.75, 1.375],
					"texture": "#0"
				},
				"west": {
					"uv": [0, 0, 0, 1.375],
					"texture": "#0"
				},
				"up": {
					"uv": [1.5, 0, 0, 0],
					"texture": "#0"
				},
				"down": {
					"uv": [1.5, 0, 0, 0],
					"texture": "#0"
				}
			}
		}
	]
}