{
	"textures": {
		"3": "animated_java:blueprint/lich/lich_body",
		"particle": "minecraft:item/pufferfish"
	},
	"display": {
		"head": {
			"rotation": [0, 180, 0]
		}
	},
	"elements": [
		{
			"from": [4.44444, 7.55556, 5.33333],
			"to": [11.55556, 17.77778, 10.66667],
			"rotation": {
				"angle": 0,
				"axis": "y",
				"origin": [8, -5.33333, 8]
			},
			"faces": {
				"north": {
					"uv": [1.5, 1.5, 3.5, 4.25],
					"texture": "#3"
				},
				"east": {
					"uv": [0, 1.5, 1.5, 4.25],
					"texture": "#3"
				},
				"south": {
					"uv": [5, 1.5, 7, 4.25],
					"texture": "#3"
				},
				"west": {
					"uv": [3.5, 1.5, 5, 4.25],
					"texture": "#3"
				},
				"up": {
					"uv": [3.5, 1.5, 1.5, 0],
					"texture": "#3"
				},
				"down": {
					"uv": [5.5, 0, 3.5, 1.5],
					"texture": "#3"
				}
			}
		},
		{
			"from": [7.11111, 10.22222, 4.88889],
			"to": [12.88889, 16, 5.33333],
			"rotation": {
				"angle": -45,
				"axis": "z",
				"origin": [8, 15.11111, 4.44444]
			},
			"faces": {
				"north": {
					"uv": [11, 0, 12.625, 1.625],
					"texture": "#3"
				},
				"east": {
					"uv": [7, 2.5, 7.125, 4.125],
					"texture": "#3"
				},
				"south": {
					"uv": [11, 1.75, 12.625, 3.375],
					"texture": "#3"
				},
				"west": {
					"uv": [7.25, 2.5, 7.375, 4.125],
					"texture": "#3"
				},
				"up": {
					"uv": [12.625, 3.625, 11, 3.5],
					"texture": "#3"
				},
				"down": {
					"uv": [12.125, 11.5, 10.5, 11.625],
					"texture": "#3"
				}
			}
		},
		{
			"from": [6.22222, -3.55556, 5.11111],
			"to": [9.77778, 10.44444, 5.33333],
			"rotation": {
				"angle": 0,
				"axis": "y",
				"origin": [8, 7.11111, 4.44444]
			},
			"faces": {
				"north": {
					"uv": [10.75, 7.5, 11.75, 11.5],
					"texture": "#3"
				},
				"east": {
					"uv": [1, 11, 1.125, 15],
					"texture": "#3"
				},
				"south": {
					"uv": [0, 11, 1, 15],
					"texture": "#3"
				},
				"west": {
					"uv": [1.25, 11, 1.375, 15],
					"texture": "#3"
				},
				"up": {
					"uv": [12.75, 7.625, 11.75, 7.5],
					"texture": "#3"
				},
				"down": {
					"uv": [12.75, 7.75, 11.75, 7.875],
					"texture": "#3"
				}
			}
		},
		{
			"from": [4.44444, -6.22222, 10.88889],
			"to": [11.55556, 8, 10.88889],
			"rotation": {
				"angle": -22.5,
				"axis": "x",
				"origin": [8, 7.11111, 10.88889]
			},
			"faces": {
				"north": {
					"uv": [4, 7, 6, 11],
					"texture": "#3"
				},
				"east": {
					"uv": [0, 0, 0, 4],
					"texture": "#3"
				},
				"south": {
					"uv": [6, 7, 8, 11],
					"texture": "#3"
				},
				"west": {
					"uv": [0, 0, 0, 4],
					"texture": "#3"
				},
				"up": {
					"uv": [2, 0, 0, 0],
					"texture": "#3"
				},
				"down": {
					"uv": [2, 0, 0, 0],
					"texture": "#3"
				}
			}
		},
		{
			"from": [7.77778, -3.77778, 5.55556],
			"to": [11.55556, 9.11111, 10.57778],
			"rotation": {
				"angle": 22.5,
				"axis": "z",
				"origin": [12.44444, 7.77778, 8]
			},
			"faces": {
				"north": {
					"uv": [9.5, 3.75, 10.625, 7.375],
					"texture": "#3"
				},
				"east": {
					"uv": [8, 2.5, 9.375, 6.125],
					"texture": "#3"
				},
				"south": {
					"uv": [9.5, 7.5, 10.625, 11.125],
					"texture": "#3"
				},
				"west": {
					"uv": [8, 6.25, 9.375, 9.875],
					"texture": "#3"
				},
				"up": {
					"uv": [4.625, 12.375, 3.5, 11],
					"texture": "#3"
				},
				"down": {
					"uv": [5.875, 11, 4.75, 12.375],
					"texture": "#3"
				}
			}
		},
		{
			"from": [4.44444, -3.77778, 5.55556],
			"to": [8.22222, 9.11111, 10.57778],
			"rotation": {
				"angle": -22.5,
				"axis": "z",
				"origin": [3.55556, 7.77778, 8]
			},
			"faces": {
				"north": {
					"uv": [8, 10, 9.125, 13.625],
					"texture": "#3"
				},
				"east": {
					"uv": [2, 9.25, 3.375, 12.875],
					"texture": "#3"
				},
				"south": {
					"uv": [10.75, 3.75, 11.875, 7.375],
					"texture": "#3"
				},
				"west": {
					"uv": [9.5, 0, 10.875, 3.625],
					"texture": "#3"
				},
				"up": {
					"uv": [7.125, 12.375, 6, 11],
					"texture": "#3"
				},
				"down": {
					"uv": [10.375, 11.25, 9.25, 12.625],
					"texture": "#3"
				}
			}
		}
	]
}