{
	"textures": {
		"0": "animated_java:blueprint/lich/lich_hair",
		"particle": "minecraft:item/pufferfish"
	},
	"display": {
		"head": {
			"rotation": [0, 180, 0]
		}
	},
	"elements": [
		{
			"from": [7, 0, 7],
			"to": [9, 8, 9],
			"rotation": {
				"angle": 0,
				"axis": "y",
				"origin": [8, 6, 8]
			},
			"faces": {
				"north": {
					"uv": [8.25, 9, 8.75, 11],
					"texture": "#0"
				},
				"east": {
					"uv": [8.75, 9, 9.25, 11],
					"texture": "#0"
				},
				"south": {
					"uv": [9.25, 9, 9.75, 11],
					"texture": "#0"
				},
				"west": {
					"uv": [0, 9.5, 0.5, 11.5],
					"texture": "#0"
				},
				"up": {
					"uv": [10, 5.75, 9.5, 5.25],
					"texture": "#0"
				},
				"down": {
					"uv": [10.25, 6.5, 9.75, 7],
					"texture": "#0"
				}
			}
		}
	]
}