{
	"textures": {
		"0": "animated_java:blueprint/lich/lich_hair",
		"particle": "minecraft:item/pufferfish"
	},
	"display": {
		"head": {
			"rotation": [0, 180, 0]
		}
	},
	"elements": [
		{
			"from": [7, 0, 7],
			"to": [9, 8, 9],
			"rotation": {
				"angle": 0,
				"axis": "y",
				"origin": [8, 6, 8]
			},
			"faces": {
				"north": {
					"uv": [7.25, 8.5, 7.75, 10.5],
					"texture": "#0"
				},
				"east": {
					"uv": [4.5, 8.75, 5, 10.75],
					"texture": "#0"
				},
				"south": {
					"uv": [5, 8.75, 5.5, 10.75],
					"texture": "#0"
				},
				"west": {
					"uv": [7.75, 9, 8.25, 11],
					"texture": "#0"
				},
				"up": {
					"uv": [4.5, 6.5, 4, 6],
					"texture": "#0"
				},
				"down": {
					"uv": [8.75, 3.75, 8.25, 4.25],
					"texture": "#0"
				}
			}
		}
	]
}