{
	"textures": {
		"0": "animated_java:blueprint/lich/lich_hair",
		"1": "animated_java:blueprint/lich/lich_deco",
		"particle": "minecraft:item/pufferfish"
	},
	"display": {
		"head": {
			"rotation": [0, 180, 0]
		}
	},
	"elements": [
		{
			"from": [10, 11, 3],
			"to": [13, 19, 12.2],
			"rotation": {
				"angle": 22.5,
				"axis": "z",
				"origin": [12, 15, 4]
			},
			"faces": {
				"north": {
					"uv": [5.75, 8.5, 6.5, 10.5],
					"texture": "#0"
				},
				"east": {
					"uv": [0, 0, 2.25, 2],
					"texture": "#0"
				},
				"south": {
					"uv": [6.5, 8.5, 7.25, 10.5],
					"texture": "#0"
				},
				"west": {
					"uv": [0, 2, 2.25, 4],
					"texture": "#0"
				},
				"up": {
					"uv": [2.25, 10.25, 1.5, 8],
					"texture": "#0"
				},
				"down": {
					"uv": [9, 1.5, 8.25, 3.75],
					"texture": "#0"
				}
			}
		},
		{
			"from": [3, 11, 3],
			"to": [6, 19, 12.2],
			"rotation": {
				"angle": -22.5,
				"axis": "z",
				"origin": [4, 15, 4]
			},
			"faces": {
				"north": {
					"uv": [3.75, 8.75, 4.5, 10.75],
					"texture": "#0"
				},
				"east": {
					"uv": [2.25, 0, 4.5, 2],
					"texture": "#0"
				},
				"south": {
					"uv": [8.75, 3.75, 9.5, 5.75],
					"texture": "#0"
				},
				"west": {
					"uv": [2.25, 2, 4.5, 4],
					"texture": "#0"
				},
				"up": {
					"uv": [3, 10.5, 2.25, 8.25],
					"texture": "#0"
				},
				"down": {
					"uv": [3.75, 8.25, 3, 10.5],
					"texture": "#0"
				}
			}
		},
		{
			"from": [4.5, 16, 3.25],
			"to": [11.5, 18, 12.1],
			"rotation": {
				"angle": 0,
				"axis": "y",
				"origin": [8, 16, 8]
			},
			"faces": {
				"north": {
					"uv": [9, 2, 10.75, 2.5],
					"texture": "#0"
				},
				"east": {
					"uv": [8.75, 5.75, 11, 6.25],
					"texture": "#0"
				},
				"south": {
					"uv": [9, 2.5, 10.75, 3],
					"texture": "#0"
				},
				"west": {
					"uv": [9, 1.5, 11.25, 2],
					"texture": "#0"
				},
				"up": {
					"uv": [4, 8.25, 2.25, 6],
					"texture": "#0"
				},
				"down": {
					"uv": [8.25, 0, 6.5, 2.25],
					"texture": "#0"
				}
			}
		},
		{
			"from": [3.5, 8.25, 4.75],
			"to": [12.5, 16, 12.25],
			"rotation": {
				"angle": 0,
				"axis": "y",
				"origin": [3.75, 12, 8.375]
			},
			"faces": {
				"north": {
					"uv": [0, 4, 2.25, 6],
					"texture": "#0"
				},
				"east": {
					"uv": [5.75, 6.5, 7.625, 8.5],
					"texture": "#0"
				},
				"south": {
					"uv": [2.25, 4, 4.5, 6],
					"texture": "#0"
				},
				"west": {
					"uv": [6.75, 4.5, 8.625, 6.5],
					"texture": "#0"
				},
				"up": {
					"uv": [6.75, 6.375, 4.5, 4.5],
					"texture": "#0"
				},
				"down": {
					"uv": [2.25, 6, 0, 7.875],
					"texture": "#0"
				}
			}
		},
		{
			"from": [5, 18, 5],
			"to": [11, 22, 5],
			"rotation": {
				"angle": 0,
				"axis": "y",
				"origin": [8, 18, 5]
			},
			"faces": {
				"north": {
					"uv": [0, 0, 3, 2],
					"texture": "#1"
				},
				"east": {
					"uv": [0, 0, 0, 2],
					"texture": "#1"
				},
				"south": {
					"uv": [0, 2, 3, 4],
					"texture": "#1"
				},
				"west": {
					"uv": [0, 0, 0, 2],
					"texture": "#1"
				},
				"up": {
					"uv": [3, 0, 0, 0],
					"texture": "#1"
				},
				"down": {
					"uv": [3, 0, 0, 0],
					"texture": "#1"
				}
			}
		},
		{
			"from": [5, 18, 11],
			"to": [11, 22, 11],
			"rotation": {
				"angle": 0,
				"axis": "y",
				"origin": [8, 18, 11]
			},
			"faces": {
				"north": {
					"uv": [3, 0, 6, 2],
					"texture": "#1"
				},
				"east": {
					"uv": [0, 0, 0, 2],
					"texture": "#1"
				},
				"south": {
					"uv": [3, 2, 6, 4],
					"texture": "#1"
				},
				"west": {
					"uv": [0, 0, 0, 2],
					"texture": "#1"
				},
				"up": {
					"uv": [3, 0, 0, 0],
					"texture": "#1"
				},
				"down": {
					"uv": [3, 0, 0, 0],
					"texture": "#1"
				}
			}
		},
		{
			"from": [11, 18, 5],
			"to": [11, 22, 11],
			"rotation": {
				"angle": 0,
				"axis": "y",
				"origin": [11, 20, 8]
			},
			"faces": {
				"north": {
					"uv": [0, 0, 0, 2],
					"texture": "#1"
				},
				"east": {
					"uv": [0, 4, 3, 6],
					"texture": "#1"
				},
				"south": {
					"uv": [0, 0, 0, 2],
					"texture": "#1"
				},
				"west": {
					"uv": [3, 4, 6, 6],
					"texture": "#1"
				},
				"up": {
					"uv": [0, 3, 0, 0],
					"texture": "#1"
				},
				"down": {
					"uv": [0, 0, 0, 3],
					"texture": "#1"
				}
			}
		},
		{
			"from": [5, 18, 5],
			"to": [5, 22, 11],
			"rotation": {
				"angle": 0,
				"axis": "y",
				"origin": [5, 20, 8]
			},
			"faces": {
				"north": {
					"uv": [0, 0, 0, 2],
					"texture": "#1"
				},
				"east": {
					"uv": [0, 6, 3, 8],
					"texture": "#1"
				},
				"south": {
					"uv": [0, 0, 0, 2],
					"texture": "#1"
				},
				"west": {
					"uv": [6, 0, 9, 2],
					"texture": "#1"
				},
				"up": {
					"uv": [0, 3, 0, 0],
					"texture": "#1"
				},
				"down": {
					"uv": [0, 0, 0, 3],
					"texture": "#1"
				}
			}
		},
		{
			"from": [4.25, 6.25, 3.25],
			"to": [11.75, 10.75, 4.75],
			"rotation": {
				"angle": 0,
				"axis": "y",
				"origin": [8, 7.75, 3]
			},
			"faces": {
				"north": {
					"uv": [7.75, 6.5, 9.625, 7.625],
					"texture": "#0"
				},
				"east": {
					"uv": [0.75, 9.5, 1.125, 10.625],
					"texture": "#0"
				},
				"south": {
					"uv": [7.75, 7.75, 9.625, 8.875],
					"texture": "#0"
				},
				"west": {
					"uv": [9.75, 0, 10.125, 1.125],
					"texture": "#0"
				},
				"up": {
					"uv": [10.875, 3.375, 9, 3],
					"texture": "#0"
				},
				"down": {
					"uv": [11.375, 3.5, 9.5, 3.875],
					"texture": "#0"
				}
			}
		}
	]
}