{
	"textures": {
		"3": "animated_java:blueprint/lich/lich_body",
		"particle": "minecraft:item/pufferfish"
	},
	"display": {
		"head": {
			"rotation": [0, 180, 0]
		}
	},
	"elements": [
		{
			"from": [1, 25, 6],
			"to": [5, 32, 10],
			"rotation": {
				"angle": 0,
				"axis": "y",
				"origin": [8, 8, 8]
			},
			"faces": {
				"north": {
					"uv": [5, 5.25, 6, 7],
					"texture": "#3"
				},
				"east": {
					"uv": [4, 5.25, 5, 7],
					"texture": "#3"
				},
				"south": {
					"uv": [7, 5.25, 8, 7],
					"texture": "#3"
				},
				"west": {
					"uv": [6, 5.25, 7, 7],
					"texture": "#3"
				},
				"up": {
					"uv": [6, 5.25, 5, 4.25],
					"texture": "#3"
				},
				"down": {
					"uv": [7, 4.25, 6, 5.25],
					"texture": "#3"
				}
			}
		}
	]
}