{
	"textures": {
		"3": "animated_java:blueprint/lich/lich_body",
		"particle": "minecraft:item/pufferfish"
	},
	"display": {
		"head": {
			"rotation": [0, 180, 0]
		}
	},
	"elements": [
		{
			"from": [7, 0.5, 7],
			"to": [9, 7.5, 9],
			"rotation": {
				"angle": 0,
				"axis": "y",
				"origin": [8, 7.5, 8]
			},
			"faces": {
				"north": {
					"uv": [2.5, 7.5, 3, 9.25],
					"texture": "#3"
				},
				"east": {
					"uv": [2, 7.5, 2.5, 9.25],
					"texture": "#3"
				},
				"south": {
					"uv": [3.5, 7.5, 4, 9.25],
					"texture": "#3"
				},
				"west": {
					"uv": [3, 7.5, 3.5, 9.25],
					"texture": "#3"
				},
				"up": {
					"uv": [3, 7.5, 2.5, 7],
					"texture": "#3"
				},
				"down": {
					"uv": [3.5, 7, 3, 7.5],
					"texture": "#3"
				}
			}
		}
	]
}