{
	"textures": {
		"3": "animated_java:blueprint/lich/lich_body",
		"particle": "minecraft:item/pufferfish"
	},
	"display": {
		"head": {
			"rotation": [0, 180, 0]
		}
	},
	"elements": [
		{
			"from": [7, -4, 6.9],
			"to": [9, 10, 8.9],
			"rotation": {
				"angle": 0,
				"axis": "y",
				"origin": [6, -4, 7.9]
			},
			"faces": {
				"north": {
					"uv": [0.5, 7.5, 1, 11],
					"texture": "#3"
				},
				"east": {
					"uv": [0, 7.5, 0.5, 11],
					"texture": "#3"
				},
				"south": {
					"uv": [1.5, 7.5, 2, 11],
					"texture": "#3"
				},
				"west": {
					"uv": [1, 7.5, 1.5, 11],
					"texture": "#3"
				},
				"up": {
					"uv": [1, 7.5, 0.5, 7],
					"texture": "#3"
				},
				"down": {
					"uv": [1.5, 7, 1, 7.5],
					"texture": "#3"
				}
			}
		}
	]
}