{
	"textures": {
		"3": "animated_java:blueprint/lich/lich_body",
		"particle": "minecraft:item/pufferfish"
	},
	"display": {
		"head": {
			"rotation": [0, 180, 0]
		}
	},
	"elements": [
		{
			"from": [11, 25, 6],
			"to": [15, 32, 10],
			"rotation": {
				"angle": 0,
				"axis": "y",
				"origin": [8, 8, 8]
			},
			"faces": {
				"north": {
					"uv": [1, 5.25, 2, 7],
					"texture": "#3"
				},
				"east": {
					"uv": [0, 5.25, 1, 7],
					"texture": "#3"
				},
				"south": {
					"uv": [3, 5.25, 4, 7],
					"texture": "#3"
				},
				"west": {
					"uv": [2, 5.25, 3, 7],
					"texture": "#3"
				},
				"up": {
					"uv": [2, 5.25, 1, 4.25],
					"texture": "#3"
				},
				"down": {
					"uv": [3, 4.25, 2, 5.25],
					"texture": "#3"
				}
			}
		}
	]
}