{
	"textures": {
		"3": "animated_java:blueprint/lich/lich_body",
		"particle": "minecraft:item/pufferfish"
	},
	"display": {
		"head": {
			"rotation": [0, 180, 0]
		}
	},
	"elements": [
		{
			"from": [7, 1, 7],
			"to": [9, 9, 9],
			"rotation": {
				"angle": 0,
				"axis": "y",
				"origin": [3, -16, 8]
			},
			"faces": {
				"north": {
					"uv": [7.5, 0.5, 8, 2.5],
					"texture": "#3"
				},
				"east": {
					"uv": [7, 0.5, 7.5, 2.5],
					"texture": "#3"
				},
				"south": {
					"uv": [8.5, 0.5, 9, 2.5],
					"texture": "#3"
				},
				"west": {
					"uv": [8, 0.5, 8.5, 2.5],
					"texture": "#3"
				},
				"up": {
					"uv": [8, 0.5, 7.5, 0],
					"texture": "#3"
				},
				"down": {
					"uv": [8.5, 0, 8, 0.5],
					"texture": "#3"
				}
			}
		}
	]
}