{
	"textures": {
		"4": "animated_java:blueprint/lich/scythe",
		"particle": "minecraft:item/pufferfish"
	},
	"display": {
		"head": {
			"rotation": [0, 180, 0]
		}
	},
	"elements": [
		{
			"from": [7.74791, -3.6356, 7.70732],
			"to": [8.36255, 12.75465, 8.29268],
			"rotation": {
				"angle": 0,
				"axis": "y",
				"origin": [7.45523, -1.8795, 7.41463]
			},
			"faces": {
				"north": {
					"uv": [0, 0, 1, 12.5],
					"texture": "#4"
				},
				"east": {
					"uv": [1, 0, 2, 12.5],
					"texture": "#4"
				},
				"south": {
					"uv": [2, 0, 3, 12.5],
					"texture": "#4"
				},
				"west": {
					"uv": [3, 0, 4, 12.5],
					"texture": "#4"
				},
				"up": {
					"uv": [8, 12, 7, 11],
					"texture": "#4"
				},
				"down": {
					"uv": [10, 11, 9, 12],
					"texture": "#4"
				}
			}
		},
		{
			"from": [4.82108, 11.9644, 7.79512],
			"to": [5.37718, 14.80343, 8.20488],
			"rotation": {
				"angle": 22.5,
				"axis": "z",
				"origin": [5.11377, 19.77904, 8]
			},
			"faces": {
				"north": {
					"uv": [4, 3, 4.75, 10.75],
					"texture": "#4"
				},
				"east": {
					"uv": [5, 3, 5.75, 10.75],
					"texture": "#4"
				},
				"south": {
					"uv": [6, 3, 6.75, 10.75],
					"texture": "#4"
				},
				"west": {
					"uv": [7, 3, 7.75, 10.75],
					"texture": "#4"
				},
				"up": {
					"uv": [12.75, 12.75, 12, 12],
					"texture": "#4"
				},
				"down": {
					"uv": [0.75, 12.5, 0, 13.25],
					"texture": "#4"
				}
			}
		},
		{
			"from": [6.75279, 14.94977, 7.76585],
			"to": [7.33816, 20.3644, 8.23415],
			"rotation": {
				"angle": 0,
				"axis": "y",
				"origin": [6.16742, 14.51074, 7.41463]
			},
			"faces": {
				"north": {
					"uv": [9, 6, 9.75, 10.75],
					"texture": "#4"
				},
				"east": {
					"uv": [8, 3, 9, 7.75],
					"texture": "#4"
				},
				"south": {
					"uv": [10, 6, 10.75, 10.75],
					"texture": "#4"
				},
				"west": {
					"uv": [8, 8, 9, 12.75],
					"texture": "#4"
				},
				"up": {
					"uv": [12.25, 2, 11.5, 1],
					"texture": "#4"
				},
				"down": {
					"uv": [12.25, 2, 11.5, 3],
					"texture": "#4"
				}
			}
		},
		{
			"from": [7.30889, 18.46196, 7.85366],
			"to": [11.40645, 20.21806, 8.14634],
			"rotation": {
				"angle": 0,
				"axis": "y",
				"origin": [7.30889, 19.04733, 7.41463]
			},
			"faces": {
				"north": {
					"uv": [4, 0, 8.5, 1.5],
					"texture": "#4"
				},
				"east": {
					"uv": [11.5, 3, 12, 4.5],
					"texture": "#4"
				},
				"south": {
					"uv": [4, 1.5, 8.5, 3],
					"texture": "#4"
				},
				"west": {
					"uv": [11.5, 4.5, 12, 6],
					"texture": "#4"
				},
				"up": {
					"uv": [15.5, 6.5, 11, 6],
					"texture": "#4"
				},
				"down": {
					"uv": [15.5, 6.5, 11, 7],
					"texture": "#4"
				}
			}
		},
		{
			"from": [7.30889, 17.8766, 7.85366],
			"to": [9.06499, 18.46196, 8.14634],
			"rotation": {
				"angle": 0,
				"axis": "y",
				"origin": [7.30889, 17.29123, 7.41463]
			},
			"faces": {
				"north": {
					"uv": [11, 11.5, 12.5, 12],
					"texture": "#4"
				},
				"east": {
					"uv": [2.5, 12.5, 3, 13],
					"texture": "#4"
				},
				"south": {
					"uv": [12, 3, 13.5, 3.5],
					"texture": "#4"
				},
				"west": {
					"uv": [12.5, 2.5, 13, 3],
					"texture": "#4"
				},
				"up": {
					"uv": [13.5, 4, 12, 3.5],
					"texture": "#4"
				},
				"down": {
					"uv": [13.5, 4, 12, 4.5],
					"texture": "#4"
				}
			}
		},
		{
			"from": [11.40645, 18.16928, 7.85366],
			"to": [14.91864, 19.92538, 8.14634],
			"rotation": {
				"angle": 0,
				"axis": "y",
				"origin": [12.57718, 19.04733, 7.41463]
			},
			"faces": {
				"north": {
					"uv": [8.5, 0, 11.5, 1.5],
					"texture": "#4"
				},
				"east": {
					"uv": [12, 4.5, 12.5, 6],
					"texture": "#4"
				},
				"south": {
					"uv": [8.5, 1.5, 11.5, 3],
					"texture": "#4"
				},
				"west": {
					"uv": [7, 12, 7.5, 13.5],
					"texture": "#4"
				},
				"up": {
					"uv": [14, 7.5, 11, 7],
					"texture": "#4"
				},
				"down": {
					"uv": [14, 7.5, 11, 8],
					"texture": "#4"
				}
			}
		},
		{
			"from": [14.91864, 17.8766, 7.85366],
			"to": [17.84547, 19.48635, 8.14634],
			"rotation": {
				"angle": 0,
				"axis": "y",
				"origin": [16.67474, 18.75465, 7.41463]
			},
			"faces": {
				"north": {
					"uv": [9, 3, 11.5, 4.5],
					"texture": "#4"
				},
				"east": {
					"uv": [7.5, 12, 8, 13.5],
					"texture": "#4"
				},
				"south": {
					"uv": [9, 4.5, 11.5, 6],
					"texture": "#4"
				},
				"west": {
					"uv": [9, 12, 9.5, 13.5],
					"texture": "#4"
				},
				"up": {
					"uv": [13.5, 8.5, 11, 8],
					"texture": "#4"
				},
				"down": {
					"uv": [13.5, 8.5, 11, 9],
					"texture": "#4"
				}
			}
		},
		{
			"from": [17.84547, 17.43757, 7.85366],
			"to": [19.60157, 18.90099, 8.14634],
			"rotation": {
				"angle": 0,
				"axis": "y",
				"origin": [19.60157, 18.02294, 7.41463]
			},
			"faces": {
				"north": {
					"uv": [4, 11, 5.5, 12.25],
					"texture": "#4"
				},
				"east": {
					"uv": [9.5, 12, 10, 13.25],
					"texture": "#4"
				},
				"south": {
					"uv": [5.5, 11, 7, 12.25],
					"texture": "#4"
				},
				"west": {
					"uv": [12, 10, 12.5, 11.25],
					"texture": "#4"
				},
				"up": {
					"uv": [13.5, 9.5, 12, 9],
					"texture": "#4"
				},
				"down": {
					"uv": [13.5, 9.5, 12, 10],
					"texture": "#4"
				}
			}
		},
		{
			"from": [19.60157, 17.14489, 7.85366],
			"to": [20.47962, 18.46196, 8.14634],
			"rotation": {
				"angle": 0,
				"axis": "y",
				"origin": [20.18694, 17.43757, 7.41463]
			},
			"faces": {
				"north": {
					"uv": [11, 9, 11.75, 10.25],
					"texture": "#4"
				},
				"east": {
					"uv": [11, 12, 11.5, 13.25],
					"texture": "#4"
				},
				"south": {
					"uv": [10, 11, 10.75, 12.25],
					"texture": "#4"
				},
				"west": {
					"uv": [11.5, 12, 12, 13.25],
					"texture": "#4"
				},
				"up": {
					"uv": [13.25, 2, 12.5, 1.5],
					"texture": "#4"
				},
				"down": {
					"uv": [13.25, 2, 12.5, 2.5],
					"texture": "#4"
				}
			}
		},
		{
			"from": [20.47962, 16.99855, 7.85366],
			"to": [21.35767, 18.02294, 8.14634],
			"rotation": {
				"angle": 0,
				"axis": "y",
				"origin": [21.06499, 17.43757, 7.41463]
			},
			"faces": {
				"north": {
					"uv": [11, 10.5, 11.75, 11.5],
					"texture": "#4"
				},
				"east": {
					"uv": [12.5, 0, 13, 1],
					"texture": "#4"
				},
				"south": {
					"uv": [11.5, 0, 12.25, 1],
					"texture": "#4"
				},
				"west": {
					"uv": [1, 12.5, 1.5, 13.5],
					"texture": "#4"
				},
				"up": {
					"uv": [13.25, 1.5, 12.5, 1],
					"texture": "#4"
				},
				"down": {
					"uv": [2.25, 12.5, 1.5, 13],
					"texture": "#4"
				}
			}
		}
	]
}