{
	"textures": {
		"0": "animated_java:blueprint/wizard/evoker",
		"particle": "minecraft:item/pufferfish"
	},
	"display": {
		"head": {
			"rotation": [0, 180, 0]
		}
	},
	"elements": [
		{
			"from": [0, 24, 5.95],
			"to": [4, 32, 9.95],
			"faces": {
				"north": {
					"uv": [13, 6.5, 12, 8.5],
					"texture": "#0"
				},
				"east": {
					"uv": [14, 6.5, 13, 8.5],
					"texture": "#0"
				},
				"south": {
					"uv": [15, 6.5, 14, 8.5],
					"texture": "#0"
				},
				"west": {
					"uv": [12, 6.5, 11, 8.5],
					"texture": "#0"
				},
				"up": {
					"uv": [12, 6.5, 13, 5.5],
					"texture": "#0"
				},
				"down": {
					"uv": [13, 5.5, 14, 6.5],
					"texture": "#0"
				}
			}
		}
	]
}