{
	"textures": {
		"0": "animated_java:blueprint/wizard/evoker",
		"particle": "minecraft:item/pufferfish"
	},
	"display": {
		"head": {
			"rotation": [0, 180, 0]
		}
	},
	"elements": [
		{
			"from": [12, 0, 5.95],
			"to": [16, 8, 9.95],
			"faces": {
				"north": {
					"uv": [12, 6.5, 13, 8.5],
					"texture": "#0"
				},
				"east": {
					"uv": [11, 6.5, 12, 8.5],
					"texture": "#0"
				},
				"south": {
					"uv": [14, 6.5, 15, 8.5],
					"texture": "#0"
				},
				"west": {
					"uv": [13, 6.5, 14, 8.5],
					"texture": "#0"
				},
				"up": {
					"uv": [13, 6.5, 12, 5.5],
					"texture": "#0"
				},
				"down": {
					"uv": [14, 5.5, 13, 6.5],
					"texture": "#0"
				}
			}
		},
		{
			"from": [4, 0, 5.95],
			"to": [12, 4, 9.95],
			"faces": {
				"north": {
					"uv": [11, 10.5, 13, 11.5],
					"texture": "#0"
				},
				"east": {
					"uv": [10, 10.5, 11, 11.5],
					"texture": "#0"
				},
				"south": {
					"uv": [14, 10.5, 16, 11.5],
					"texture": "#0"
				},
				"west": {
					"uv": [13, 10.5, 14, 11.5],
					"texture": "#0"
				},
				"up": {
					"uv": [13, 10.5, 11, 9.5],
					"texture": "#0"
				},
				"down": {
					"uv": [15, 9.5, 13, 10.5],
					"texture": "#0"
				}
			}
		}
	]
}