{
	"textures": {
		"0": "animated_java:blueprint/wizard/evoker",
		"particle": "minecraft:item/pufferfish"
	},
	"display": {
		"head": {
			"rotation": [0, 180, 0]
		}
	},
	"elements": [
		{
			"from": [4, -4, 5],
			"to": [12, 8, 11],
			"faces": {
				"north": {
					"uv": [5.5, 6.5, 7.5, 9.5],
					"texture": "#0"
				},
				"east": {
					"uv": [4, 6.5, 5.5, 9.5],
					"texture": "#0"
				},
				"south": {
					"uv": [9, 6.5, 11, 9.5],
					"texture": "#0"
				},
				"west": {
					"uv": [7.5, 6.5, 9, 9.5],
					"texture": "#0"
				},
				"up": {
					"uv": [7.5, 6.5, 5.5, 5],
					"texture": "#0"
				},
				"down": {
					"uv": [9.5, 5, 7.5, 6.5],
					"texture": "#0"
				}
			}
		},
		{
			"from": [3.75, -10.25, 4.75],
			"to": [12.25, 8.25, 11.25],
			"faces": {
				"north": {
					"uv": [1.5, 11, 3.5, 15.5],
					"texture": "#0"
				},
				"east": {
					"uv": [0, 11, 1.5, 15.5],
					"texture": "#0"
				},
				"south": {
					"uv": [5, 11, 7, 15.5],
					"texture": "#0"
				},
				"west": {
					"uv": [3.5, 11, 5, 15.5],
					"texture": "#0"
				},
				"up": {
					"uv": [3.5, 11, 1.5, 9.5],
					"texture": "#0"
				},
				"down": {
					"uv": [5.5, 9.5, 3.5, 11],
					"texture": "#0"
				}
			}
		}
	]
}