{
	"textures": {
		"1": "animated_java:blueprint/wizard/accessories",
		"particle": "minecraft:item/pufferfish"
	},
	"display": {
		"head": {
			"rotation": [0, 180, 0]
		}
	},
	"elements": [
		{
			"from": [2, 8, 2],
			"to": [14, 9, 14],
			"rotation": {
				"angle": 0,
				"axis": "y",
				"origin": [8, 8, 8]
			},
			"faces": {
				"north": {
					"uv": [6, 5, 9, 5.25],
					"texture": "#1"
				},
				"east": {
					"uv": [6, 5.25, 9, 5.5],
					"texture": "#1"
				},
				"south": {
					"uv": [7, 5.5, 10, 5.75],
					"texture": "#1"
				},
				"west": {
					"uv": [7, 5.75, 10, 6],
					"texture": "#1"
				},
				"up": {
					"uv": [3, 3, 0, 0],
					"texture": "#1"
				},
				"down": {
					"uv": [3, 3, 0, 6],
					"texture": "#1"
				}
			}
		},
		{
			"from": [4, 8, 4],
			"to": [12, 12, 12],
			"rotation": {
				"angle": 0,
				"axis": "y",
				"origin": [8, 8, 8]
			},
			"faces": {
				"north": {
					"uv": [5, 0, 7, 1],
					"texture": "#1"
				},
				"east": {
					"uv": [5, 1, 7, 2],
					"texture": "#1"
				},
				"south": {
					"uv": [5, 2, 7, 3],
					"texture": "#1"
				},
				"west": {
					"uv": [5, 3, 7, 4],
					"texture": "#1"
				},
				"up": {
					"uv": [5, 2, 3, 0],
					"texture": "#1"
				},
				"down": {
					"uv": [5, 2, 3, 4],
					"texture": "#1"
				}
			}
		},
		{
			"from": [5, 12, 5],
			"to": [11, 16, 11],
			"rotation": {
				"angle": 0,
				"axis": "y",
				"origin": [8, 12, 8]
			},
			"faces": {
				"north": {
					"uv": [5.5, 5.5, 7, 6.5],
					"texture": "#1"
				},
				"east": {
					"uv": [0, 6, 1.5, 7],
					"texture": "#1"
				},
				"south": {
					"uv": [1.5, 6, 3, 7],
					"texture": "#1"
				},
				"west": {
					"uv": [6, 4, 7.5, 5],
					"texture": "#1"
				},
				"up": {
					"uv": [4.5, 5.5, 3, 4],
					"texture": "#1"
				},
				"down": {
					"uv": [6, 4, 4.5, 5.5],
					"texture": "#1"
				}
			}
		},
		{
			"from": [5.5, 14.75, 5.5],
			"to": [10.5, 18.75, 11],
			"rotation": {
				"angle": 22.5,
				"axis": "x",
				"origin": [8, 14.75, 8]
			},
			"faces": {
				"north": {
					"uv": [7, 0, 8.25, 1],
					"texture": "#1"
				},
				"east": {
					"uv": [5.5, 6.5, 7, 7.5],
					"texture": "#1"
				},
				"south": {
					"uv": [7, 1, 8.25, 2],
					"texture": "#1"
				},
				"west": {
					"uv": [0, 7, 1.5, 8],
					"texture": "#1"
				},
				"up": {
					"uv": [4.25, 7, 3, 5.5],
					"texture": "#1"
				},
				"down": {
					"uv": [5.5, 5.5, 4.25, 7],
					"texture": "#1"
				}
			}
		},
		{
			"from": [6.25, 17, 7],
			"to": [9.75, 21, 10.5],
			"rotation": {
				"angle": 45,
				"axis": "x",
				"origin": [8, 17, 9.5]
			},
			"faces": {
				"north": {
					"uv": [1.5, 7, 2.5, 8],
					"texture": "#1"
				},
				"east": {
					"uv": [7, 2, 8, 3],
					"texture": "#1"
				},
				"south": {
					"uv": [2.5, 7, 3.5, 8],
					"texture": "#1"
				},
				"west": {
					"uv": [7, 3, 8, 4],
					"texture": "#1"
				},
				"up": {
					"uv": [4.5, 8, 3.5, 7],
					"texture": "#1"
				},
				"down": {
					"uv": [5.5, 7, 4.5, 8],
					"texture": "#1"
				}
			}
		},
		{
			"from": [7, 19, 11.25],
			"to": [9, 21, 15.25],
			"rotation": {
				"angle": -22.5,
				"axis": "x",
				"origin": [8, 18.5, 11.25]
			},
			"faces": {
				"north": {
					"uv": [6.5, 7.5, 7, 8],
					"texture": "#1"
				},
				"east": {
					"uv": [7.5, 4, 8.5, 4.5],
					"texture": "#1"
				},
				"south": {
					"uv": [7.5, 6.5, 8, 7],
					"texture": "#1"
				},
				"west": {
					"uv": [7.5, 4.5, 8.5, 5],
					"texture": "#1"
				},
				"up": {
					"uv": [6, 8.5, 5.5, 7.5],
					"texture": "#1"
				},
				"down": {
					"uv": [6.5, 7.5, 6, 8.5],
					"texture": "#1"
				}
			}
		}
	]
}