{
	"textures": {
		"0": "animated_java:blueprint/wizard/evoker",
		"particle": "minecraft:item/pufferfish"
	},
	"display": {
		"head": {
			"rotation": [0, 180, 0]
		}
	},
	"elements": [
		{
			"from": [6, -4, 6],
			"to": [10, 8, 10],
			"faces": {
				"north": {
					"uv": [2, 6.5, 1, 9.5],
					"texture": "#0"
				},
				"east": {
					"uv": [3, 6.5, 2, 9.5],
					"texture": "#0"
				},
				"south": {
					"uv": [4, 6.5, 3, 9.5],
					"texture": "#0"
				},
				"west": {
					"uv": [1, 6.5, 0, 9.5],
					"texture": "#0"
				},
				"up": {
					"uv": [1, 6.5, 2, 5.5],
					"texture": "#0"
				},
				"down": {
					"uv": [2, 5.5, 3, 6.5],
					"texture": "#0"
				}
			}
		}
	]
}