{
	"textures": {
		"0": "animated_java:blueprint/wizard/evoker",
		"particle": "minecraft:item/pufferfish"
	},
	"display": {
		"head": {
			"rotation": [0, 180, 0]
		}
	},
	"elements": [
		{
			"from": [5, -2, 6],
			"to": [9, 10, 10],
			"faces": {
				"north": {
					"uv": [12, 12.5, 11, 15.5],
					"texture": "#0"
				},
				"east": {
					"uv": [13, 12.5, 12, 15.5],
					"texture": "#0"
				},
				"south": {
					"uv": [14, 12.5, 13, 15.5],
					"texture": "#0"
				},
				"west": {
					"uv": [11, 12.5, 10, 15.5],
					"texture": "#0"
				},
				"up": {
					"uv": [11, 12.5, 12, 11.5],
					"texture": "#0"
				},
				"down": {
					"uv": [12, 11.5, 13, 12.5],
					"texture": "#0"
				}
			}
		}
	]
}