{
	"textures": {
		"1": "animated_java:blueprint/wizard/accessories",
		"particle": "minecraft:item/pufferfish"
	},
	"display": {
		"head": {
			"rotation": [0, 180, 0]
		}
	},
	"elements": [
		{
			"from": [7.75, 7.75, -2],
			"to": [8.25, 8.25, 10],
			"rotation": {
				"angle": 0,
				"axis": "y",
				"origin": [8, 7, 9]
			},
			"faces": {
				"north": {
					"uv": [7.5, 7, 7.75, 7.25],
					"texture": "#1"
				},
				"east": {
					"uv": [7, 6, 9.5, 6.25],
					"texture": "#1"
				},
				"south": {
					"uv": [7.5, 7.25, 7.75, 7.5],
					"texture": "#1"
				},
				"west": {
					"uv": [7, 6.25, 9.5, 6.5],
					"texture": "#1"
				},
				"up": {
					"uv": [7.25, 9, 7, 6.5],
					"texture": "#1"
				},
				"down": {
					"uv": [7.5, 6.5, 7.25, 9],
					"texture": "#1"
				}
			}
		}
	]
}