{
	"format_version": "1.9.0",
	"credit": "Made with Blockbench",
	"ambientocclusion": false,
	"texture_size": [64, 64],
	"textures": {
		"0": "magic:item/blood_slash",
		"particle": "magic:item/blood_slash"
	},
	"elements": [
		{
			"from": [-16, 0, 0],
			"to": [32, 0, 16],
			"rotation": {"angle": 0, "axis": "y", "origin": [8, 0, 8]},
			"faces": {
				"north": {"uv": [0, 0, 12, 0], "texture": "#0"},
				"east": {"uv": [0, 0, 4, 0], "texture": "#0"},
				"south": {"uv": [0, 0, 12, 0], "texture": "#0"},
				"west": {"uv": [0, 0, 4, 0], "texture": "#0"},
				"up": {"uv": [12, 4, 0, 0], "texture": "#0"},
				"down": {"uv": [12, 0, 0, 4], "texture": "#0"}
			}
		}
	],
	"display": {
		"head": {
			"rotation": [-0.01, -3.57, 89.24],
			"translation": [-8.25, -10, 4.75],
			"scale": [1.66406, 1, 1.4668]
		}
	}
}