{
	"format_version": "1.9.0",
	"credit": "Made with Blockbench",
	"textures": {
		"0": "magic:item/cutter",
		"particle": "magic:item/cutter"
	},
	"elements": [
		{
			"from": [-16, 0, 0],
			"to": [32, 0, 9],
			"rotation": {"angle": 0, "axis": "y", "origin": [0, 0, 8]},
			"faces": {
				"north": {"uv": [0, 0, 16, 0], "texture": "#0"},
				"east": {"uv": [0, 0, 9, 0], "texture": "#0"},
				"south": {"uv": [0, 0, 16, 0], "texture": "#0"},
				"west": {"uv": [0, 0, 9, 0], "texture": "#0"},
				"up": {"uv": [0, 5.25, 16, 9], "texture": "#0"},
				"down": {"uv": [0, 5.25, 16, 9], "rotation": 180, "texture": "#0"}
			}
		}
	],
	"display": {
		"head": {
			"translation": [0, 7.25, 6.5],
			"scale": [1.61328, 1, 1.27344]
		}
	}
}