{
	"format_version": "1.21.11",
	"credit": "Made with Blockbench",
	"textures": {
		"0": "magic:item/earth_ring",
		"particle": "magic:item/earth_ring"
	},
	"elements": [
		{
			"from": [0, 0, 0],
			"to": [16, 0, 16],
			"faces": {
				"north": {"uv": [0, 2, 16, 2], "texture": "#0"},
				"east": {"uv": [0, 2, 16, 2], "texture": "#0"},
				"south": {"uv": [0, 2, 16, 2], "texture": "#0"},
				"west": {"uv": [0, 2, 16, 2], "texture": "#0"},
				"up": {"uv": [0, 0, 16, 16], "texture": "#0"},
				"down": {"uv": [0, 0, 16, 16], "texture": "#0"}
			}
		}
	]
}