{
	"credit": "Made with Blockbench",
	"texture_size": [32, 32],
	"textures": {
		"1": "magic:item/spear_texture"
	},
	"elements": [
		{
			"from": [7.75, -16, 7.75],
			"to": [8.25, 13.75, 8.25],
			"rotation": {"angle": -45, "axis": "y", "origin": [8, 1, 8]},
			"faces": {
				"north": {"uv": [0, 0, 0.25, 14.875], "texture": "#1"},
				"east": {"uv": [0.5, 0, 0.75, 14.875], "texture": "#1"},
				"south": {"uv": [1, 0, 1.25, 14.875], "texture": "#1"},
				"west": {"uv": [1.5, 0, 1.75, 14.875], "texture": "#1"},
				"up": {"uv": [5.25, 9.25, 5, 9], "texture": "#1"},
				"down": {"uv": [9.25, 5.5, 9, 5.75], "texture": "#1"}
			}
		},
		{
			"from": [7.65, 13.75, 7.65],
			"to": [8.35, 17.25, 8.35],
			"rotation": {"angle": -45, "axis": "y", "origin": [8, -2.25, 8]},
			"faces": {
				"north": {"uv": [3, 4.5, 3.375, 6.25], "texture": "#1"},
				"east": {"uv": [4.5, 3, 4.875, 4.75], "texture": "#1"},
				"south": {"uv": [3.5, 4.5, 3.875, 6.25], "texture": "#1"},
				"west": {"uv": [5, 3, 5.375, 4.75], "texture": "#1"},
				"up": {"uv": [3.875, 7.375, 3.5, 7], "texture": "#1"},
				"down": {"uv": [4.375, 7, 4, 7.375], "texture": "#1"}
			}
		},
		{
			"from": [7.5, 16.45, 7.7],
			"to": [9.4, 18.35, 8.3],
			"rotation": {"angle": 45, "axis": "z", "origin": [8.5, 16.75, 8]},
			"faces": {
				"north": {"uv": [2, 0, 3, 1], "texture": "#1"},
				"east": {"uv": [3, 6.5, 3.25, 7.5], "texture": "#1"},
				"south": {"uv": [2, 1, 3, 2], "texture": "#1"},
				"west": {"uv": [6.5, 3, 6.75, 4], "texture": "#1"},
				"up": {"uv": [4.5, 6.75, 3.5, 6.5], "texture": "#1"},
				"down": {"uv": [7.5, 4, 6.5, 4.25], "texture": "#1"}
			}
		},
		{
			"from": [7.25, 16.75, 7.85],
			"to": [8.75, 19.25, 8.15],
			"rotation": {"angle": 0, "axis": "z", "origin": [7, 16.75, 7]},
			"faces": {
				"north": {"uv": [2, 2, 2.75, 3.25], "texture": "#1"},
				"east": {"uv": [4.5, 6.5, 4.625, 7.75], "texture": "#1"},
				"south": {"uv": [3, 0, 3.75, 1.25], "texture": "#1"},
				"west": {"uv": [6.5, 4.5, 6.625, 5.75], "texture": "#1"},
				"up": {"uv": [8.75, 8.625, 8, 8.5], "texture": "#1"},
				"down": {"uv": [9.25, 8, 8.5, 8.125], "texture": "#1"}
			}
		},
		{
			"from": [7.25, 19.25, 7.85],
			"to": [8.75, 21.75, 8.15],
			"rotation": {"angle": 0, "axis": "z", "origin": [7, 19.25, 7]},
			"faces": {
				"north": {"uv": [3, 1.5, 3.75, 2.75], "texture": "#1"},
				"east": {"uv": [6, 6.5, 6.125, 7.75], "texture": "#1"},
				"south": {"uv": [3, 3, 3.75, 4.25], "texture": "#1"},
				"west": {"uv": [6.5, 6, 6.625, 7.25], "texture": "#1"},
				"up": {"uv": [9.75, 0.125, 9, 0], "texture": "#1"},
				"down": {"uv": [9.75, 0.5, 9, 0.625], "texture": "#1"}
			}
		},
		{
			"from": [7.35, 21.75, 7.85],
			"to": [8.65, 24, 8.15],
			"rotation": {"angle": 0, "axis": "z", "origin": [7, 21.75, 7]},
			"faces": {
				"north": {"uv": [4.5, 0, 5.125, 1.125], "texture": "#1"},
				"east": {"uv": [7, 4.5, 7.125, 5.625], "texture": "#1"},
				"south": {"uv": [4.5, 1.5, 5.125, 2.625], "texture": "#1"},
				"west": {"uv": [5.5, 7, 5.625, 8.125], "texture": "#1"},
				"up": {"uv": [3.625, 9.125, 3, 9], "texture": "#1"},
				"down": {"uv": [9.625, 3, 9, 3.125], "texture": "#1"}
			}
		},
		{
			"from": [8.75, 20.4875, 7.94375],
			"to": [9.25, 21.75, 8.05625],
			"rotation": {"angle": 0, "axis": "z", "origin": [7, 19.25, 7]},
			"faces": {
				"north": {"uv": [7, 0, 7.25, 0.625], "texture": "#1"},
				"east": {"uv": [9, 3.5, 9.125, 4.125], "texture": "#1"},
				"south": {"uv": [7, 1, 7.25, 1.625], "texture": "#1"},
				"west": {"uv": [4, 9, 4.125, 9.625], "texture": "#1"},
				"up": {"uv": [9.75, 3.625, 9.5, 3.5], "texture": "#1"},
				"down": {"uv": [9.75, 4, 9.5, 4.125], "texture": "#1"}
			}
		},
		{
			"from": [6.75, 20.4875, 7.94375],
			"to": [7.25, 21.75, 8.05625],
			"rotation": {"angle": 0, "axis": "z", "origin": [9, 19.25, 7]},
			"faces": {
				"north": {"uv": [7, 2, 7.25, 2.625], "texture": "#1"},
				"east": {"uv": [4.5, 9, 4.625, 9.625], "texture": "#1"},
				"south": {"uv": [7, 3, 7.25, 3.625], "texture": "#1"},
				"west": {"uv": [9, 4.5, 9.125, 5.125], "texture": "#1"},
				"up": {"uv": [9.75, 4.625, 9.5, 4.5], "texture": "#1"},
				"down": {"uv": [5.25, 9.5, 5, 9.625], "texture": "#1"}
			}
		},
		{
			"from": [6.85, 21.75, 7.94375],
			"to": [7.35, 24, 8.05625],
			"rotation": {"angle": 0, "axis": "z", "origin": [9.1, 20.5125, 7]},
			"faces": {
				"north": {"uv": [2, 6, 2.25, 7.125], "texture": "#1"},
				"east": {"uv": [7, 6, 7.125, 7.125], "texture": "#1"},
				"south": {"uv": [6, 2, 6.25, 3.125], "texture": "#1"},
				"west": {"uv": [7.5, 0, 7.625, 1.125], "texture": "#1"},
				"up": {"uv": [9.75, 5.125, 9.5, 5], "texture": "#1"},
				"down": {"uv": [5.75, 9.5, 5.5, 9.625], "texture": "#1"}
			}
		},
		{
			"from": [8.65, 21.75, 7.94375],
			"to": [9.15, 24, 8.05625],
			"rotation": {"angle": 0, "axis": "z", "origin": [6.9, 20.5125, 7]},
			"faces": {
				"north": {"uv": [2.5, 6, 2.75, 7.125], "texture": "#1"},
				"east": {"uv": [7.5, 1.5, 7.625, 2.625], "texture": "#1"},
				"south": {"uv": [6, 3.5, 6.25, 4.625], "texture": "#1"},
				"west": {"uv": [2, 7.5, 2.125, 8.625], "texture": "#1"},
				"up": {"uv": [9.75, 5.625, 9.5, 5.5], "texture": "#1"},
				"down": {"uv": [6.25, 9.5, 6, 9.625], "texture": "#1"}
			}
		},
		{
			"from": [7, 18.45, 7.95],
			"to": [7.75, 20.7, 8.05],
			"rotation": {"angle": 22.5, "axis": "z", "origin": [7.375, 19.95, 8]},
			"faces": {
				"north": {"uv": [5.5, 1, 5.875, 2.125], "texture": "#1"},
				"east": {"uv": [2.5, 7.5, 2.625, 8.625], "texture": "#1"},
				"south": {"uv": [5.5, 2.5, 5.875, 3.625], "texture": "#1"},
				"west": {"uv": [3, 7.5, 3.125, 8.625], "texture": "#1"},
				"up": {"uv": [7.375, 9.125, 7, 9], "texture": "#1"},
				"down": {"uv": [9.375, 7, 9, 7.125], "texture": "#1"}
			}
		},
		{
			"from": [8.25, 18.45, 7.95],
			"to": [9, 20.7, 8.05],
			"rotation": {"angle": -22.5, "axis": "z", "origin": [8.625, 19.95, 8]},
			"faces": {
				"north": {"uv": [5.5, 4, 5.875, 5.125], "texture": "#1"},
				"east": {"uv": [7.5, 3, 7.625, 4.125], "texture": "#1"},
				"south": {"uv": [5.5, 5.5, 5.875, 6.625], "texture": "#1"},
				"west": {"uv": [3.5, 7.5, 3.625, 8.625], "texture": "#1"},
				"up": {"uv": [7.875, 9.125, 7.5, 9], "texture": "#1"},
				"down": {"uv": [9.375, 7.5, 9, 7.625], "texture": "#1"}
			}
		},
		{
			"from": [7.45, 24, 7.85],
			"to": [8.55, 26.25, 8.15],
			"rotation": {"angle": 0, "axis": "z", "origin": [7, 24, 7]},
			"faces": {
				"north": {"uv": [4, 5, 4.5, 6.125], "texture": "#1"},
				"east": {"uv": [4, 7.5, 4.125, 8.625], "texture": "#1"},
				"south": {"uv": [4.5, 5, 5, 6.125], "texture": "#1"},
				"west": {"uv": [7.5, 4.5, 7.625, 5.625], "texture": "#1"},
				"up": {"uv": [6.5, 9.125, 6, 9], "texture": "#1"},
				"down": {"uv": [9.5, 6, 9, 6.125], "texture": "#1"}
			}
		},
		{
			"from": [7.05, 24, 7.94375],
			"to": [7.45, 26.25, 8.05625],
			"rotation": {"angle": 0, "axis": "z", "origin": [9.2, 22.7625, 7]},
			"faces": {
				"north": {"uv": [5, 6, 5.25, 7.125], "texture": "#1"},
				"east": {"uv": [5, 7.5, 5.125, 8.625], "texture": "#1"},
				"south": {"uv": [6, 5, 6.25, 6.125], "texture": "#1"},
				"west": {"uv": [7.5, 6, 7.625, 7.125], "texture": "#1"},
				"up": {"uv": [9.75, 6.125, 9.5, 6], "texture": "#1"},
				"down": {"uv": [6.75, 9.5, 6.5, 9.625], "texture": "#1"}
			}
		},
		{
			"from": [8.55, 24, 7.94375],
			"to": [8.95, 26.25, 8.05625],
			"rotation": {"angle": 0, "axis": "z", "origin": [6.8, 22.7625, 7]},
			"faces": {
				"north": {"uv": [6.5, 0, 6.75, 1.125], "texture": "#1"},
				"east": {"uv": [6.5, 7.5, 6.625, 8.625], "texture": "#1"},
				"south": {"uv": [6.5, 1.5, 6.75, 2.625], "texture": "#1"},
				"west": {"uv": [7, 7.5, 7.125, 8.625], "texture": "#1"},
				"up": {"uv": [9.75, 6.625, 9.5, 6.5], "texture": "#1"},
				"down": {"uv": [7.25, 9.5, 7, 9.625], "texture": "#1"}
			}
		},
		{
			"from": [7.55, 26.25, 7.85],
			"to": [8.45, 28.25, 8.15],
			"rotation": {"angle": 0, "axis": "z", "origin": [7, 26.25, 7]},
			"faces": {
				"north": {"uv": [5, 5, 5.5, 6], "texture": "#1"},
				"east": {"uv": [8, 0.5, 8.125, 1.5], "texture": "#1"},
				"south": {"uv": [5.5, 0, 6, 1], "texture": "#1"},
				"west": {"uv": [8, 1.5, 8.125, 2.5], "texture": "#1"},
				"up": {"uv": [7, 9.125, 6.5, 9], "texture": "#1"},
				"down": {"uv": [9.5, 6.5, 9, 6.625], "texture": "#1"}
			}
		},
		{
			"from": [7.25, 26.25, 7.94375],
			"to": [7.55, 28.25, 8.05625],
			"rotation": {"angle": 0, "axis": "z", "origin": [9.3, 25.0125, 7]},
			"faces": {
				"north": {"uv": [8, 2.5, 8.125, 3.5], "texture": "#1"},
				"east": {"uv": [8, 3.5, 8.125, 4.5], "texture": "#1"},
				"south": {"uv": [4.5, 8, 4.625, 9], "texture": "#1"},
				"west": {"uv": [8, 4.5, 8.125, 5.5], "texture": "#1"},
				"up": {"uv": [9.625, 7.125, 9.5, 7], "texture": "#1"},
				"down": {"uv": [7.625, 9.5, 7.5, 9.625], "texture": "#1"}
			}
		},
		{
			"from": [8.45, 26.25, 7.94375],
			"to": [8.75, 28.25, 8.05625],
			"rotation": {"angle": 0, "axis": "z", "origin": [6.7, 25.0125, 7]},
			"faces": {
				"north": {"uv": [8, 5.5, 8.125, 6.5], "texture": "#1"},
				"east": {"uv": [6, 8, 6.125, 9], "texture": "#1"},
				"south": {"uv": [8, 6.5, 8.125, 7.5], "texture": "#1"},
				"west": {"uv": [7.5, 8, 7.625, 9], "texture": "#1"},
				"up": {"uv": [9.625, 7.625, 9.5, 7.5], "texture": "#1"},
				"down": {"uv": [8.125, 9.5, 8, 9.625], "texture": "#1"}
			}
		},
		{
			"from": [7.65, 28.25, 7.85],
			"to": [8.35, 30, 8.15],
			"rotation": {"angle": 0, "axis": "z", "origin": [7, 28.25, 7]},
			"faces": {
				"north": {"uv": [6, 0, 6.375, 0.875], "texture": "#1"},
				"east": {"uv": [8, 7.5, 8.125, 8.375], "texture": "#1"},
				"south": {"uv": [6, 1, 6.375, 1.875], "texture": "#1"},
				"west": {"uv": [8.5, 0, 8.625, 0.875], "texture": "#1"},
				"up": {"uv": [8.375, 9.125, 8, 9], "texture": "#1"},
				"down": {"uv": [8.875, 9, 8.5, 9.125], "texture": "#1"}
			}
		},
		{
			"from": [8.35, 28.25, 7.94375],
			"to": [8.55, 30, 8.05625],
			"rotation": {"angle": 0, "axis": "z", "origin": [6.6, 27.0125, 7]},
			"faces": {
				"north": {"uv": [8.5, 1, 8.625, 1.875], "texture": "#1"},
				"east": {"uv": [8.5, 2, 8.625, 2.875], "texture": "#1"},
				"south": {"uv": [8.5, 3, 8.625, 3.875], "texture": "#1"},
				"west": {"uv": [8.5, 4, 8.625, 4.875], "texture": "#1"},
				"up": {"uv": [9.625, 8.125, 9.5, 8], "texture": "#1"},
				"down": {"uv": [8.625, 9.5, 8.5, 9.625], "texture": "#1"}
			}
		},
		{
			"from": [7.45, 28.25, 7.94375],
			"to": [7.65, 30, 8.05625],
			"rotation": {"angle": 0, "axis": "z", "origin": [9.4, 27.0125, 7]},
			"faces": {
				"north": {"uv": [8.5, 5, 8.625, 5.875], "texture": "#1"},
				"east": {"uv": [5.5, 8.5, 5.625, 9.375], "texture": "#1"},
				"south": {"uv": [8.5, 6, 8.625, 6.875], "texture": "#1"},
				"west": {"uv": [8.5, 7, 8.625, 7.875], "texture": "#1"},
				"up": {"uv": [9.625, 8.625, 9.5, 8.5], "texture": "#1"},
				"down": {"uv": [9.125, 9.5, 9, 9.625], "texture": "#1"}
			}
		},
		{
			"from": [7.85, 30, 7.85],
			"to": [8.15, 31.55, 8.15],
			"rotation": {"angle": 0, "axis": "z", "origin": [7, 30, 7]},
			"faces": {
				"north": {"uv": [9, 1, 9.125, 1.75], "texture": "#1"},
				"east": {"uv": [2, 9, 2.125, 9.75], "texture": "#1"},
				"south": {"uv": [9, 2, 9.125, 2.75], "texture": "#1"},
				"west": {"uv": [2.5, 9, 2.625, 9.75], "texture": "#1"},
				"up": {"uv": [9.625, 9.125, 9.5, 9], "texture": "#1"},
				"down": {"uv": [9.625, 9.5, 9.5, 9.625], "texture": "#1"}
			}
		},
		{
			"from": [8.15, 30, 7.94375],
			"to": [8.35, 30.85, 8.05625],
			"rotation": {"angle": 0, "axis": "z", "origin": [6.5, 28.7625, 7]},
			"faces": {
				"north": {"uv": [9, 8.5, 9.125, 8.875], "texture": "#1"},
				"east": {"uv": [9, 9, 9.125, 9.375], "texture": "#1"},
				"south": {"uv": [9.5, 1, 9.625, 1.375], "texture": "#1"},
				"west": {"uv": [9.5, 1.5, 9.625, 1.875], "texture": "#1"},
				"up": {"uv": [10.125, 0.125, 10, 0], "texture": "#1"},
				"down": {"uv": [10.125, 0.5, 10, 0.625], "texture": "#1"}
			}
		},
		{
			"from": [7.65, 30, 7.94375],
			"to": [7.85, 30.85, 8.05625],
			"rotation": {"angle": 0, "axis": "z", "origin": [9.5, 28.7625, 7]},
			"faces": {
				"north": {"uv": [9.5, 2, 9.625, 2.375], "texture": "#1"},
				"east": {"uv": [9.5, 2.5, 9.625, 2.875], "texture": "#1"},
				"south": {"uv": [3, 9.5, 3.125, 9.875], "texture": "#1"},
				"west": {"uv": [3.5, 9.5, 3.625, 9.875], "texture": "#1"},
				"up": {"uv": [10.125, 1.125, 10, 1], "texture": "#1"},
				"down": {"uv": [10.125, 1.5, 10, 1.625], "texture": "#1"}
			}
		},
		{
			"from": [7.65, -15.5, 7.65],
			"to": [8.35, -10.5, 8.35],
			"rotation": {"angle": -45, "axis": "y", "origin": [8, -31.5, 8]},
			"faces": {
				"north": {"uv": [2, 3.5, 2.375, 6], "texture": "#1"},
				"east": {"uv": [2.5, 3.5, 2.875, 6], "texture": "#1"},
				"south": {"uv": [4, 0, 4.375, 2.5], "texture": "#1"},
				"west": {"uv": [4, 2.5, 4.375, 5], "texture": "#1"},
				"up": {"uv": [7.875, 7.875, 7.5, 7.5], "texture": "#1"},
				"down": {"uv": [8.375, 0, 8, 0.375], "texture": "#1"}
			}
		}
	],
	"display": {
		"head": {
			"rotation": [-90, 90, 0],
			"translation": [0, 0, 24.5],
			"scale": [2, 2, 2]
		}
	},
	"groups": [
		{
			"name": "group",
			"origin": [8, -31.5, 8],
			"color": 0,
			"children": [0, 1, 2, 3, 4, 5, 6, 7, 8, 9, 10, 11, 12, 13, 14, 15, 16, 17, 18, 19, 20, 21, 22, 23, 24]
		}
	]
}