{
	"format_version": "1.21.6",
	"credit": "Made with Blockbench",
	"textures": {
		"0": "magic:item/shield"
	},
	"elements": [
		{
			"from": [-16, -16, 0],
			"to": [32, 32, 0],
			"rotation": {"angle": 0, "axis": "y", "origin": [1, 0, 0]},
			"faces": {
				"north": {"uv": [0, 0, 16, 16], "texture": "#0"},
				"east": {"uv": [30, 0, 31, 30], "texture": "#0"},
				"south": {"uv": [0, 0, 16, 16], "texture": "#0"},
				"west": {"uv": [30, 30, 31, 60], "texture": "#0"},
				"up": {"uv": [61, 1, 31, 0], "texture": "#0"},
				"down": {"uv": [61, 1, 31, 2], "texture": "#0"}
			}
		}
	]
}