{
	"credit": "Made with Blockbench",
	"texture_size": [32, 32],
	"textures": {
		"1": "magic:item/chain_texture",
		"particle": "magic:item/chain_texture"
	},
	"elements": [
		{
			"from": [5, 0, 4],
			"to": [11, 0, 6],
			"rotation": {"angle": 0, "axis": "x", "origin": [8, 0, 8]},
			"faces": {
				"north": {"uv": [3, 0, 0, 0], "rotation": 180, "texture": "#1"},
				"east": {"uv": [0, 0, 0, 1], "rotation": 90, "texture": "#1"},
				"south": {"uv": [3, 0, 0, 0], "texture": "#1"},
				"west": {"uv": [0, 0, 0, 1], "rotation": 270, "texture": "#1"},
				"up": {"uv": [0, 1, 3, 2], "texture": "#1"},
				"down": {"uv": [0, 0, 3, 1], "rotation": 180, "texture": "#1"}
			}
		},
		{
			"from": [5, 0, -2],
			"to": [11, 0, 0],
			"rotation": {"angle": 0, "axis": "x", "origin": [8, 0, 8]},
			"faces": {
				"north": {"uv": [3, 0, 0, 0], "rotation": 180, "texture": "#1"},
				"east": {"uv": [0, 0, 0, 1], "rotation": 90, "texture": "#1"},
				"south": {"uv": [3, 0, 0, 0], "texture": "#1"},
				"west": {"uv": [0, 0, 0, 1], "rotation": 270, "texture": "#1"},
				"up": {"uv": [0, 3, 3, 4], "texture": "#1"},
				"down": {"uv": [0, 2, 3, 3], "rotation": 180, "texture": "#1"}
			}
		},
		{
			"from": [9, 0, 0],
			"to": [11, 0, 4],
			"rotation": {"angle": 0, "axis": "x", "origin": [8, 0, 8]},
			"faces": {
				"north": {"uv": [1, 0, 0, 0], "rotation": 180, "texture": "#1"},
				"east": {"uv": [0, 0, 0, 2], "rotation": 90, "texture": "#1"},
				"south": {"uv": [1, 0, 0, 0], "texture": "#1"},
				"west": {"uv": [0, 0, 0, 2], "rotation": 270, "texture": "#1"},
				"up": {"uv": [1, 8, 2, 10], "texture": "#1"},
				"down": {"uv": [0, 8, 1, 10], "rotation": 180, "texture": "#1"}
			}
		},
		{
			"from": [5, 0, 0],
			"to": [7, 0, 4],
			"rotation": {"angle": 0, "axis": "x", "origin": [8, 0, 8]},
			"faces": {
				"north": {"uv": [1, 0, 0, 0], "rotation": 180, "texture": "#1"},
				"east": {"uv": [0, 0, 0, 2], "rotation": 90, "texture": "#1"},
				"south": {"uv": [1, 0, 0, 0], "texture": "#1"},
				"west": {"uv": [0, 0, 0, 2], "rotation": 270, "texture": "#1"},
				"up": {"uv": [3, 8, 4, 10], "texture": "#1"},
				"down": {"uv": [2, 8, 3, 10], "rotation": 180, "texture": "#1"}
			}
		},
		{
			"from": [8, -3, 10],
			"to": [8, 3, 12],
			"rotation": {"angle": 0, "axis": "x", "origin": [8, 0, 8]},
			"faces": {
				"north": {"uv": [0, 3, 0, 0], "rotation": 180, "texture": "#1"},
				"east": {"uv": [3, 0, 6, 1], "rotation": 90, "texture": "#1"},
				"south": {"uv": [0, 0, 0, 3], "texture": "#1"},
				"west": {"uv": [3, 1, 6, 2], "rotation": 270, "texture": "#1"},
				"up": {"uv": [0, 0, 0, 1], "texture": "#1"},
				"down": {"uv": [0, 0, 0, 1], "rotation": 180, "texture": "#1"}
			}
		},
		{
			"from": [8, -3, 4],
			"to": [8, 3, 6],
			"rotation": {"angle": 0, "axis": "x", "origin": [8, 0, 8]},
			"faces": {
				"north": {"uv": [0, 3, 0, 0], "rotation": 180, "texture": "#1"},
				"east": {"uv": [3, 2, 6, 3], "rotation": 90, "texture": "#1"},
				"south": {"uv": [0, 0, 0, 3], "texture": "#1"},
				"west": {"uv": [3, 3, 6, 4], "rotation": 270, "texture": "#1"},
				"up": {"uv": [0, 0, 0, 1], "texture": "#1"},
				"down": {"uv": [0, 0, 0, 1], "rotation": 180, "texture": "#1"}
			}
		},
		{
			"from": [8, 1, 6],
			"to": [8, 3, 10],
			"rotation": {"angle": 0, "axis": "x", "origin": [8, 0, 8]},
			"faces": {
				"north": {"uv": [0, 1, 0, 0], "rotation": 180, "texture": "#1"},
				"east": {"uv": [4, 8, 5, 10], "rotation": 90, "texture": "#1"},
				"south": {"uv": [0, 0, 0, 1], "texture": "#1"},
				"west": {"uv": [5, 8, 6, 10], "rotation": 270, "texture": "#1"},
				"up": {"uv": [0, 0, 0, 2], "texture": "#1"},
				"down": {"uv": [0, 0, 0, 2], "rotation": 180, "texture": "#1"}
			}
		},
		{
			"from": [8, -3, 6],
			"to": [8, -1, 10],
			"rotation": {"angle": 0, "axis": "x", "origin": [8, 0, 8]},
			"faces": {
				"north": {"uv": [0, 1, 0, 0], "rotation": 180, "texture": "#1"},
				"east": {"uv": [6, 8, 7, 10], "rotation": 90, "texture": "#1"},
				"south": {"uv": [0, 0, 0, 1], "texture": "#1"},
				"west": {"uv": [7, 8, 8, 10], "rotation": 270, "texture": "#1"},
				"up": {"uv": [0, 0, 0, 2], "texture": "#1"},
				"down": {"uv": [0, 0, 0, 2], "rotation": 180, "texture": "#1"}
			}
		},
		{
			"from": [5, 0, 16],
			"to": [11, 0, 18],
			"rotation": {"angle": 0, "axis": "y", "origin": [8, 0, 8]},
			"faces": {
				"north": {"uv": [3, 0, 0, 0], "rotation": 180, "texture": "#1"},
				"east": {"uv": [0, 0, 0, 1], "rotation": 90, "texture": "#1"},
				"south": {"uv": [3, 0, 0, 0], "texture": "#1"},
				"west": {"uv": [0, 0, 0, 1], "rotation": 270, "texture": "#1"},
				"up": {"uv": [3, 4, 6, 5], "texture": "#1"},
				"down": {"uv": [0, 4, 3, 5], "rotation": 180, "texture": "#1"}
			}
		},
		{
			"from": [5, 0, 10],
			"to": [11, 0, 12],
			"rotation": {"angle": 0, "axis": "y", "origin": [8, 0, 8]},
			"faces": {
				"north": {"uv": [3, 0, 0, 0], "rotation": 180, "texture": "#1"},
				"east": {"uv": [0, 0, 0, 1], "rotation": 90, "texture": "#1"},
				"south": {"uv": [3, 0, 0, 0], "texture": "#1"},
				"west": {"uv": [0, 0, 0, 1], "rotation": 270, "texture": "#1"},
				"up": {"uv": [3, 5, 6, 6], "texture": "#1"},
				"down": {"uv": [0, 5, 3, 6], "rotation": 180, "texture": "#1"}
			}
		},
		{
			"from": [9, 0, 12],
			"to": [11, 0, 16],
			"rotation": {"angle": 0, "axis": "y", "origin": [8, 0, 8]},
			"faces": {
				"north": {"uv": [1, 0, 0, 0], "rotation": 180, "texture": "#1"},
				"east": {"uv": [0, 0, 0, 2], "rotation": 90, "texture": "#1"},
				"south": {"uv": [1, 0, 0, 0], "texture": "#1"},
				"west": {"uv": [0, 0, 0, 2], "rotation": 270, "texture": "#1"},
				"up": {"uv": [9, 0, 10, 2], "texture": "#1"},
				"down": {"uv": [8, 8, 9, 10], "rotation": 180, "texture": "#1"}
			}
		},
		{
			"from": [5, 0, 12],
			"to": [7, 0, 16],
			"rotation": {"angle": 0, "axis": "y", "origin": [8, 0, 8]},
			"faces": {
				"north": {"uv": [1, 0, 0, 0], "rotation": 180, "texture": "#1"},
				"east": {"uv": [0, 0, 0, 2], "rotation": 90, "texture": "#1"},
				"south": {"uv": [1, 0, 0, 0], "texture": "#1"},
				"west": {"uv": [0, 0, 0, 2], "rotation": 270, "texture": "#1"},
				"up": {"uv": [9, 4, 10, 6], "texture": "#1"},
				"down": {"uv": [9, 2, 10, 4], "rotation": 180, "texture": "#1"}
			}
		},
		{
			"from": [8, -3, -2],
			"to": [8, 3, 0],
			"rotation": {"angle": 0, "axis": "x", "origin": [8, 0, 8]},
			"faces": {
				"north": {"uv": [0, 3, 0, 0], "rotation": 180, "texture": "#1"},
				"east": {"uv": [0, 6, 3, 7], "rotation": 90, "texture": "#1"},
				"south": {"uv": [0, 0, 0, 3], "texture": "#1"},
				"west": {"uv": [6, 0, 9, 1], "rotation": 270, "texture": "#1"},
				"up": {"uv": [0, 0, 0, 1], "texture": "#1"},
				"down": {"uv": [0, 0, 0, 1], "rotation": 180, "texture": "#1"}
			}
		},
		{
			"from": [8, -3, -6],
			"to": [8, 3, -4],
			"rotation": {"angle": 0, "axis": "x", "origin": [8, 0, 8]},
			"faces": {
				"north": {"uv": [0, 3, 0, 0], "rotation": 180, "texture": "#1"},
				"east": {"uv": [6, 1, 9, 2], "rotation": 90, "texture": "#1"},
				"south": {"uv": [0, 0, 0, 3], "texture": "#1"},
				"west": {"uv": [6, 2, 9, 3], "rotation": 270, "texture": "#1"},
				"up": {"uv": [0, 0, 0, 1], "texture": "#1"},
				"down": {"uv": [0, 0, 0, 1], "rotation": 180, "texture": "#1"}
			}
		},
		{
			"from": [8, 1, -4],
			"to": [8, 3, -2],
			"rotation": {"angle": 0, "axis": "x", "origin": [8, 0, 8]},
			"faces": {
				"north": {"uv": [0, 1, 0, 0], "rotation": 180, "texture": "#1"},
				"east": {"uv": [9, 6, 10, 7], "rotation": 90, "texture": "#1"},
				"south": {"uv": [0, 0, 0, 1], "texture": "#1"},
				"west": {"uv": [9, 7, 10, 8], "rotation": 270, "texture": "#1"},
				"up": {"uv": [0, 0, 0, 1], "texture": "#1"},
				"down": {"uv": [0, 0, 0, 1], "rotation": 180, "texture": "#1"}
			}
		},
		{
			"from": [8, -3, -4],
			"to": [8, -1, -2],
			"rotation": {"angle": 0, "axis": "x", "origin": [8, 0, 8]},
			"faces": {
				"north": {"uv": [0, 1, 0, 0], "rotation": 180, "texture": "#1"},
				"east": {"uv": [9, 8, 10, 9], "rotation": 90, "texture": "#1"},
				"south": {"uv": [0, 0, 0, 1], "texture": "#1"},
				"west": {"uv": [9, 9, 10, 10], "rotation": 270, "texture": "#1"},
				"up": {"uv": [0, 0, 0, 1], "texture": "#1"},
				"down": {"uv": [0, 0, 0, 1], "rotation": 180, "texture": "#1"}
			}
		},
		{
			"from": [5, 0, 20],
			"to": [11, 0, 22],
			"rotation": {"angle": 0, "axis": "x", "origin": [8, 0, 8]},
			"faces": {
				"north": {"uv": [3, 0, 0, 0], "rotation": 180, "texture": "#1"},
				"east": {"uv": [0, 0, 0, 1], "rotation": 90, "texture": "#1"},
				"south": {"uv": [3, 0, 0, 0], "texture": "#1"},
				"west": {"uv": [0, 0, 0, 1], "rotation": 270, "texture": "#1"},
				"up": {"uv": [6, 3, 9, 4], "texture": "#1"},
				"down": {"uv": [3, 6, 6, 7], "rotation": 180, "texture": "#1"}
			}
		},
		{
			"from": [9, 0, 22],
			"to": [11, 0, 24],
			"rotation": {"angle": 0, "axis": "x", "origin": [8, 0, 8]},
			"faces": {
				"north": {"uv": [1, 0, 0, 0], "rotation": 180, "texture": "#1"},
				"east": {"uv": [0, 0, 0, 1], "rotation": 90, "texture": "#1"},
				"south": {"uv": [1, 0, 0, 0], "texture": "#1"},
				"west": {"uv": [0, 0, 0, 1], "rotation": 270, "texture": "#1"},
				"up": {"uv": [10, 0, 11, 1], "texture": "#1"},
				"down": {"uv": [0, 10, 1, 11], "rotation": 180, "texture": "#1"}
			}
		},
		{
			"from": [5, 0, 22],
			"to": [7, 0, 24],
			"rotation": {"angle": 0, "axis": "x", "origin": [8, 0, 8]},
			"faces": {
				"north": {"uv": [1, 0, 0, 0], "rotation": 180, "texture": "#1"},
				"east": {"uv": [0, 0, 0, 1], "rotation": 90, "texture": "#1"},
				"south": {"uv": [1, 0, 0, 0], "texture": "#1"},
				"west": {"uv": [0, 0, 0, 1], "rotation": 270, "texture": "#1"},
				"up": {"uv": [10, 1, 11, 2], "texture": "#1"},
				"down": {"uv": [1, 10, 2, 11], "rotation": 180, "texture": "#1"}
			}
		},
		{
			"from": [8, -3, 20],
			"to": [8, 3, 22],
			"rotation": {"angle": 0, "axis": "y", "origin": [8, 0, 8]},
			"faces": {
				"north": {"uv": [0, 3, 0, 0], "rotation": 180, "texture": "#1"},
				"east": {"uv": [6, 4, 9, 5], "rotation": 90, "texture": "#1"},
				"south": {"uv": [0, 0, 0, 3], "texture": "#1"},
				"west": {"uv": [6, 5, 9, 6], "rotation": 270, "texture": "#1"},
				"up": {"uv": [0, 0, 0, 1], "texture": "#1"},
				"down": {"uv": [0, 0, 0, 1], "rotation": 180, "texture": "#1"}
			}
		},
		{
			"from": [8, -3, 16],
			"to": [8, 3, 18],
			"rotation": {"angle": 0, "axis": "y", "origin": [8, 0, 8]},
			"faces": {
				"north": {"uv": [0, 3, 0, 0], "rotation": 180, "texture": "#1"},
				"east": {"uv": [6, 6, 9, 7], "rotation": 90, "texture": "#1"},
				"south": {"uv": [0, 0, 0, 3], "texture": "#1"},
				"west": {"uv": [0, 7, 3, 8], "rotation": 270, "texture": "#1"},
				"up": {"uv": [0, 0, 0, 1], "texture": "#1"},
				"down": {"uv": [0, 0, 0, 1], "rotation": 180, "texture": "#1"}
			}
		},
		{
			"from": [8, 1, 18],
			"to": [8, 3, 20],
			"rotation": {"angle": 0, "axis": "y", "origin": [8, 0, 8]},
			"faces": {
				"north": {"uv": [0, 1, 0, 0], "rotation": 180, "texture": "#1"},
				"east": {"uv": [2, 10, 3, 11], "rotation": 90, "texture": "#1"},
				"south": {"uv": [0, 0, 0, 1], "texture": "#1"},
				"west": {"uv": [10, 2, 11, 3], "rotation": 270, "texture": "#1"},
				"up": {"uv": [0, 0, 0, 1], "texture": "#1"},
				"down": {"uv": [0, 0, 0, 1], "rotation": 180, "texture": "#1"}
			}
		},
		{
			"from": [8, -3, 18],
			"to": [8, -1, 20],
			"rotation": {"angle": 0, "axis": "y", "origin": [8, 0, 8]},
			"faces": {
				"north": {"uv": [0, 1, 0, 0], "rotation": 180, "texture": "#1"},
				"east": {"uv": [3, 10, 4, 11], "rotation": 90, "texture": "#1"},
				"south": {"uv": [0, 0, 0, 1], "texture": "#1"},
				"west": {"uv": [10, 3, 11, 4], "rotation": 270, "texture": "#1"},
				"up": {"uv": [0, 0, 0, 1], "texture": "#1"},
				"down": {"uv": [0, 0, 0, 1], "rotation": 180, "texture": "#1"}
			}
		},
		{
			"from": [5, 0, -6],
			"to": [11, 0, -4],
			"rotation": {"angle": 0, "axis": "x", "origin": [8, 0, 8]},
			"faces": {
				"north": {"uv": [3, 0, 0, 0], "rotation": 180, "texture": "#1"},
				"east": {"uv": [0, 0, 0, 1], "rotation": 90, "texture": "#1"},
				"south": {"uv": [3, 0, 0, 0], "texture": "#1"},
				"west": {"uv": [0, 0, 0, 1], "rotation": 270, "texture": "#1"},
				"up": {"uv": [6, 7, 9, 8], "texture": "#1"},
				"down": {"uv": [3, 7, 6, 8], "rotation": 180, "texture": "#1"}
			}
		},
		{
			"from": [9, 0, -8],
			"to": [11, 0, -6],
			"rotation": {"angle": 0, "axis": "x", "origin": [8, 0, 8]},
			"faces": {
				"north": {"uv": [1, 0, 0, 0], "rotation": 180, "texture": "#1"},
				"east": {"uv": [0, 0, 0, 1], "rotation": 90, "texture": "#1"},
				"south": {"uv": [1, 0, 0, 0], "texture": "#1"},
				"west": {"uv": [0, 0, 0, 1], "rotation": 270, "texture": "#1"},
				"up": {"uv": [10, 4, 11, 5], "texture": "#1"},
				"down": {"uv": [4, 10, 5, 11], "rotation": 180, "texture": "#1"}
			}
		},
		{
			"from": [5, 0, -8],
			"to": [7, 0, -6],
			"rotation": {"angle": 0, "axis": "x", "origin": [8, 0, 8]},
			"faces": {
				"north": {"uv": [1, 0, 0, 0], "rotation": 180, "texture": "#1"},
				"east": {"uv": [0, 0, 0, 1], "rotation": 90, "texture": "#1"},
				"south": {"uv": [1, 0, 0, 0], "texture": "#1"},
				"west": {"uv": [0, 0, 0, 1], "rotation": 270, "texture": "#1"},
				"up": {"uv": [10, 5, 11, 6], "texture": "#1"},
				"down": {"uv": [5, 10, 6, 11], "rotation": 180, "texture": "#1"}
			}
		}
	],
	"display": {
		"thirdperson_righthand": {
			"scale": [0.25, 0.25, 0.25]
		},
		"head": {
			"translation": [0, 1.25, -3],
			"scale": [0.25, 0.25, 0.25]
		}
	},
	"groups": [
		{
			"name": "group",
			"origin": [8, 8, 8],
			"color": 0,
			"children": [
				{
					"name": "group",
					"origin": [8, 8, 8],
					"color": 0,
					"children": [0, 1, 2, 3]
				},
				{
					"name": "group",
					"origin": [8, 8, 8],
					"color": 0,
					"children": [4, 5, 6, 7]
				},
				{
					"name": "group",
					"origin": [8, 8, 8],
					"color": 0,
					"children": [8, 9, 10, 11]
				},
				{
					"name": "group",
					"origin": [8, 8, 8],
					"color": 0,
					"children": [12, 13, 14, 15]
				},
				{
					"name": "group",
					"origin": [8, 8, 8],
					"color": 0,
					"children": [16, 17, 18]
				},
				{
					"name": "group",
					"origin": [8, 8, 8],
					"color": 0,
					"children": [19, 20, 21, 22]
				},
				{
					"name": "group",
					"origin": [8, 8, 8],
					"color": 0,
					"children": [23, 24, 25]
				}
			]
		}
	]
}