{
	"format_version": "1.9.0",
	"credit": "Made with Blockbench",
	"texture_size": [32, 32],
	"textures": {
		"0": "magic:item/pierce",
		"particle": "magic:item/pierce"
	},
	"elements": [
		{
			"from": [7, -1, 0],
			"to": [9, 1, 16],
			"rotation": {"angle": 0, "axis": "y", "origin": [7, -1, 0]},
			"faces": {
				"north": {"uv": [8, 8, 9.5, 9.5], "texture": "#0"},
				"east": {"uv": [5, 5, 13, 6.5], "texture": "#0"},
				"south": {"uv": [8, 9.5, 9.5, 11], "texture": "#0"},
				"west": {"uv": [5, 6.5, 13, 8], "texture": "#0"},
				"up": {"uv": [6.5, 16, 5, 8], "texture": "#0"},
				"down": {"uv": [8, 8, 6.5, 16], "texture": "#0"}
			}
		},
		{
			"from": [10.5, 2.5, 16],
			"to": [5.5, -2.5, 0],
			"rotation": {"angle": 0, "axis": "y", "origin": [10.5, 2.5, 16]},
			"faces": {
				"north": {"uv": [8, 0, 10.5, 2.5], "texture": "#0"},
				"east": {"uv": [0, 0, 8, 2.5], "texture": "#0"},
				"south": {"uv": [8, 2.5, 10.5, 5], "texture": "#0"},
				"west": {"uv": [0, 2.5, 8, 5], "texture": "#0"},
				"up": {"uv": [2.5, 13, 0, 5], "texture": "#0"},
				"down": {"uv": [5, 5, 2.5, 13], "texture": "#0"}
			}
		}
	],
	"display": {
		"head": {
			"translation": [0, 7.25, 0]
		}
	}
}