{
	"credit": "Made with Blockbench",
	"texture_size": [64, 64],
	"textures": {
		"0": "magic:item/red_bolt",
		"particle": "magic:item/red_bolt"
	},
	"elements": [
		{
			"from": [10, 2, 32],
			"to": [6, -2, 0],
			"rotation": {"angle": 0, "axis": "y", "origin": [8, 0, 32]},
			"faces": {
				"north": {"uv": [3, 3, 4, 4], "texture": "#0"},
				"east": {"uv": [0, 0, 8, 1], "texture": "#0"},
				"south": {"uv": [3, 4, 4, 5], "texture": "#0"},
				"west": {"uv": [0, 1, 8, 2], "texture": "#0"},
				"up": {"uv": [1, 10, 0, 2], "texture": "#0"},
				"down": {"uv": [2, 2, 1, 10], "texture": "#0"}
			}
		},
		{
			"from": [7, -1, 0],
			"to": [9, 1, 32],
			"rotation": {"angle": 0, "axis": "y", "origin": [8, 0, 32]},
			"faces": {
				"north": {"uv": [4, 3, 4.5, 3.5], "texture": "#0"},
				"east": {"uv": [2, 2, 10, 2.5], "texture": "#0"},
				"south": {"uv": [4, 3.5, 4.5, 4], "texture": "#0"},
				"west": {"uv": [2, 2.5, 10, 3], "texture": "#0"},
				"up": {"uv": [2.5, 11, 2, 3], "texture": "#0"},
				"down": {"uv": [3, 3, 2.5, 11], "texture": "#0"}
			}
		}
	],
	"display": {
		"head": {
			"translation": [0, 8, -26.5]
		}
	},
	"groups": [
		{
			"name": "group",
			"origin": [8, 8, 8],
			"color": 0,
			"children": [0, 1]
		}
	]
}