{
	"format_version": "1.21.11",
	"credit": "Made with Blockbench",
	"textures": {
		"0": "magic:item/rend"
	},
	"elements": [
		{
			"from": [8, 3, -16],
			"to": [8, 11, 32],
			"rotation": {"angle": 0, "axis": "y", "origin": [7, 0.5, 0]},
			"faces": {
				"north": {"uv": [5, 3, 5, 10], "texture": "#0"},
				"east": {"uv": [0, 3, 16, 10], "texture": "#0"},
				"south": {"uv": [4, 3, 4, 10], "texture": "#0"},
				"west": {"uv": [0, 3, 16, 10], "texture": "#0"},
				"up": {"uv": [4, 0, 4, 16], "texture": "#0"},
				"down": {"uv": [4, 0, 4, 16], "texture": "#0"}
			}
		}
	]
}