{
	"format_version": "1.21.11",
	"credit": "Made with Blockbench",
	"texture_size": [128, 128],
	"textures": {
		"1": "magic:item/worm_head"
	},
	"elements": [
		{
			"from": [0, 0, -2],
			"to": [16, 12, 18],
			"rotation": {"angle": 0, "axis": "y", "origin": [23, 13, 10]},
			"faces": {
				"north": {"uv": [0, 3.625, 2, 5], "texture": "#1"},
				"east": {"uv": [0, 2.25, 2.25, 3.625], "texture": "#1"},
				"south": {"uv": [2, 3.625, 4, 5], "texture": "#1"},
				"west": {"uv": [2.25, 2.25, 4.5, 3.625], "texture": "#1"},
				"up": {"uv": [2, 2.25, 0, 0], "texture": "#1"},
				"down": {"uv": [4, 0, 2, 2.25], "texture": "#1"}
			}
		},
		{
			"from": [13.74264, 7, 0.79289],
			"to": [19.49264, 11, 5.79289],
			"rotation": {"angle": 22.5, "axis": "z", "origin": [16, 8.5, 3.5]},
			"faces": {
				"north": {"uv": [2.25, 6.25, 3, 6.75], "texture": "#1"},
				"east": {"uv": [7, 0, 7.625, 0.5], "texture": "#1"},
				"south": {"uv": [6.375, 3.75, 7.125, 4.25], "texture": "#1"},
				"west": {"uv": [3.625, 7, 4.25, 7.5], "texture": "#1"},
				"up": {"uv": [6.25, 1.5, 5.5, 0.875], "texture": "#1"},
				"down": {"uv": [5.75, 5.5, 5, 6.125], "texture": "#1"}
			}
		},
		{
			"from": [15.11612, 7.25, -4.38388],
			"to": [20.11612, 10.75, 2.61612],
			"rotation": {"x": 0, "y": -45, "z": 22.5, "origin": [16, 8.5, 3.5]},
			"faces": {
				"north": {"uv": [7.125, 0.5, 7.75, 1], "texture": "#1"},
				"east": {"uv": [6.125, 0, 7, 0.5], "texture": "#1"},
				"south": {"uv": [0.75, 7.125, 1.375, 7.625], "texture": "#1"},
				"west": {"uv": [4.5, 6.125, 5.375, 6.625], "texture": "#1"},
				"up": {"uv": [5.625, 4.625, 5, 3.75], "texture": "#1"},
				"down": {"uv": [5.625, 4.625, 5, 5.5], "texture": "#1"}
			}
		},
		{
			"from": [20.90504, 7.5, -6.63194],
			"to": [24.90504, 10.5, 4.86806],
			"rotation": {"x": 0, "y": 22.5, "z": 22.5, "origin": [16, 8.5, 3.5]},
			"faces": {
				"north": {"uv": [4, 1.5, 4.5, 1.875], "texture": "#1"},
				"east": {"uv": [0.5, 5, 2, 5.375], "texture": "#1"},
				"south": {"uv": [4, 1.875, 4.5, 2.25], "texture": "#1"},
				"west": {"uv": [5, 1.5, 6.5, 1.875], "texture": "#1"},
				"up": {"uv": [4.5, 1.5, 4, 0], "texture": "#1"},
				"down": {"uv": [4.5, 3.625, 4, 5.125], "texture": "#1"}
			}
		},
		{
			"from": [22.40504, 8, -1.63194],
			"to": [23.90504, 10, 4.86806],
			"rotation": {"x": 0, "y": 55, "z": 22.5, "origin": [16, 8.5, 3.5]},
			"faces": {
				"north": {"uv": [6.5, 3.5, 6.75, 3.75], "texture": "#1"},
				"east": {"uv": [7.125, 4.5, 8, 4.75], "texture": "#1"},
				"south": {"uv": [6.5, 6, 6.75, 6.25], "texture": "#1"},
				"west": {"uv": [7.125, 6.5, 8, 6.75], "texture": "#1"},
				"up": {"uv": [4.5, 7.875, 4.25, 7], "texture": "#1"},
				"down": {"uv": [4.75, 7, 4.5, 7.875], "texture": "#1"}
			}
		},
		{
			"from": [25.7148, 8, -6.83563],
			"to": [27.2148, 10, -1.33563],
			"rotation": {"x": 0, "y": 47.5, "z": 22.5, "origin": [16, 8.5, 3.5]},
			"faces": {
				"north": {"uv": [6.75, 3.5, 7, 3.75], "texture": "#1"},
				"east": {"uv": [7.625, 0, 8.375, 0.25], "texture": "#1"},
				"south": {"uv": [6.75, 6, 7, 6.25], "texture": "#1"},
				"west": {"uv": [0.25, 7.625, 1, 7.875], "texture": "#1"},
				"up": {"uv": [5, 8.25, 4.75, 7.5], "texture": "#1"},
				"down": {"uv": [1.25, 7.625, 1, 8.375], "texture": "#1"}
			}
		},
		{
			"from": [16.90504, 7.75, -13.63194],
			"to": [19.65504, 10.25, -7.13194],
			"rotation": {"angle": 22.5, "axis": "z", "origin": [16, 8.5, 3.5]},
			"faces": {
				"north": {"uv": [7.75, 6, 8.125, 6.375], "texture": "#1"},
				"east": {"uv": [6.5, 5.25, 7.375, 5.625], "texture": "#1"},
				"south": {"uv": [4.125, 7.875, 4.5, 8.25], "texture": "#1"},
				"west": {"uv": [6.5, 5.625, 7.375, 6], "texture": "#1"},
				"up": {"uv": [4.5, 6, 4.125, 5.125], "texture": "#1"},
				"down": {"uv": [0.375, 6.5, 0, 7.375], "texture": "#1"}
			}
		},
		{
			"from": [12.74264, 0, 1.79289],
			"to": [18.49264, 4, 6.79289],
			"rotation": {"angle": -45, "axis": "z", "origin": [15, 1.5, 4.5]},
			"faces": {
				"north": {"uv": [2.25, 6.25, 3, 6.75], "texture": "#1"},
				"east": {"uv": [7, 0, 7.625, 0.5], "texture": "#1"},
				"south": {"uv": [6.375, 3.75, 7.125, 4.25], "texture": "#1"},
				"west": {"uv": [3.625, 7, 4.25, 7.5], "texture": "#1"},
				"up": {"uv": [6.25, 1.5, 5.5, 0.875], "texture": "#1"},
				"down": {"uv": [5.75, 5.5, 5, 6.125], "texture": "#1"}
			}
		},
		{
			"from": [14.11612, 0.25, -3.38388],
			"to": [19.11612, 3.75, 3.61612],
			"rotation": {"x": 0, "y": -45, "z": -45, "origin": [15, 1.5, 4.5]},
			"faces": {
				"north": {"uv": [7.125, 0.5, 7.75, 1], "texture": "#1"},
				"east": {"uv": [6.125, 0, 7, 0.5], "texture": "#1"},
				"south": {"uv": [0.75, 7.125, 1.375, 7.625], "texture": "#1"},
				"west": {"uv": [4.5, 6.125, 5.375, 6.625], "texture": "#1"},
				"up": {"uv": [5.625, 4.625, 5, 3.75], "texture": "#1"},
				"down": {"uv": [5.625, 4.625, 5, 5.5], "texture": "#1"}
			}
		},
		{
			"from": [19.90504, 0.5, -5.63194],
			"to": [23.90504, 3.5, 5.86806],
			"rotation": {"x": 0, "y": 22.5, "z": -45, "origin": [15, 1.5, 4.5]},
			"faces": {
				"north": {"uv": [4, 1.5, 4.5, 1.875], "texture": "#1"},
				"east": {"uv": [0.5, 5, 2, 5.375], "texture": "#1"},
				"south": {"uv": [4, 1.875, 4.5, 2.25], "texture": "#1"},
				"west": {"uv": [5, 1.5, 6.5, 1.875], "texture": "#1"},
				"up": {"uv": [4.5, 1.5, 4, 0], "texture": "#1"},
				"down": {"uv": [4.5, 3.625, 4, 5.125], "texture": "#1"}
			}
		},
		{
			"from": [21.40504, 1, -0.63194],
			"to": [22.90504, 3, 5.86806],
			"rotation": {"x": 0, "y": 55, "z": -45, "origin": [15, 1.5, 4.5]},
			"faces": {
				"north": {"uv": [6.5, 3.5, 6.75, 3.75], "texture": "#1"},
				"east": {"uv": [7.125, 4.5, 8, 4.75], "texture": "#1"},
				"south": {"uv": [6.5, 6, 6.75, 6.25], "texture": "#1"},
				"west": {"uv": [7.125, 6.5, 8, 6.75], "texture": "#1"},
				"up": {"uv": [4.5, 7.875, 4.25, 7], "texture": "#1"},
				"down": {"uv": [4.75, 7, 4.5, 7.875], "texture": "#1"}
			}
		},
		{
			"from": [24.7148, 1, -5.83563],
			"to": [26.2148, 3, -0.33563],
			"rotation": {"x": 0, "y": 47.5, "z": -45, "origin": [15, 1.5, 4.5]},
			"faces": {
				"north": {"uv": [6.75, 3.5, 7, 3.75], "texture": "#1"},
				"east": {"uv": [7.625, 0, 8.375, 0.25], "texture": "#1"},
				"south": {"uv": [6.75, 6, 7, 6.25], "texture": "#1"},
				"west": {"uv": [0.25, 7.625, 1, 7.875], "texture": "#1"},
				"up": {"uv": [5, 8.25, 4.75, 7.5], "texture": "#1"},
				"down": {"uv": [1.25, 7.625, 1, 8.375], "texture": "#1"}
			}
		},
		{
			"from": [15.90504, 0.75, -12.63194],
			"to": [18.65504, 3.25, -6.13194],
			"rotation": {"angle": -45, "axis": "z", "origin": [15, 1.5, 4.5]},
			"faces": {
				"north": {"uv": [7.75, 6, 8.125, 6.375], "texture": "#1"},
				"east": {"uv": [6.5, 5.25, 7.375, 5.625], "texture": "#1"},
				"south": {"uv": [4.125, 7.875, 4.5, 8.25], "texture": "#1"},
				"west": {"uv": [6.5, 5.625, 7.375, 6], "texture": "#1"},
				"up": {"uv": [4.5, 6, 4.125, 5.125], "texture": "#1"},
				"down": {"uv": [0.375, 6.5, 0, 7.375], "texture": "#1"}
			}
		},
		{
			"from": [-3.49264, 7, 0.79289],
			"to": [2.25736, 11, 5.79289],
			"rotation": {"angle": -22.5, "axis": "z", "origin": [0, 8.5, 3.5]},
			"faces": {
				"north": {"uv": [6.5, 3, 7.25, 3.5], "texture": "#1"},
				"east": {"uv": [7.25, 1.5, 7.875, 2], "texture": "#1"},
				"south": {"uv": [6.5, 4.75, 7.25, 5.25], "texture": "#1"},
				"west": {"uv": [7.25, 2, 7.875, 2.5], "texture": "#1"},
				"up": {"uv": [3.75, 6.625, 3, 6], "texture": "#1"},
				"down": {"uv": [4.5, 6, 3.75, 6.625], "texture": "#1"}
			}
		},
		{
			"from": [-4.11612, 7.25, -4.38388],
			"to": [0.88388, 10.75, 2.61612],
			"rotation": {"x": 0, "y": 45, "z": -22.5, "origin": [0, 8.5, 3.5]},
			"faces": {
				"north": {"uv": [7.25, 2.5, 7.875, 3], "texture": "#1"},
				"east": {"uv": [5.375, 6.25, 6.25, 6.75], "texture": "#1"},
				"south": {"uv": [7.25, 3, 7.875, 3.5], "texture": "#1"},
				"west": {"uv": [6.25, 6.25, 7.125, 6.75], "texture": "#1"},
				"up": {"uv": [3, 6.25, 2.375, 5.375], "texture": "#1"},
				"down": {"uv": [6.125, 0, 5.5, 0.875], "texture": "#1"}
			}
		},
		{
			"from": [-8.90504, 7.5, -6.63194],
			"to": [-4.90504, 10.5, 4.86806],
			"rotation": {"x": 0, "y": -22.5, "z": -22.5, "origin": [0, 8.5, 3.5]},
			"faces": {
				"north": {"uv": [7.625, 7.5, 8.125, 7.875], "texture": "#1"},
				"east": {"uv": [5, 3, 6.5, 3.375], "texture": "#1"},
				"south": {"uv": [7.75, 0.5, 8.25, 0.875], "texture": "#1"},
				"west": {"uv": [5, 3.375, 6.5, 3.75], "texture": "#1"},
				"up": {"uv": [0.5, 6.5, 0, 5], "texture": "#1"},
				"down": {"uv": [5.5, 0, 5, 1.5], "texture": "#1"}
			}
		},
		{
			"from": [-7.90504, 8, -1.63194],
			"to": [-6.40504, 10, 4.86806],
			"rotation": {"x": 0, "y": -55, "z": -22.5, "origin": [0, 8.5, 3.5]},
			"faces": {
				"north": {"uv": [8.25, 3.75, 8.5, 4], "texture": "#1"},
				"east": {"uv": [7.375, 5.5, 8.25, 5.75], "texture": "#1"},
				"south": {"uv": [8.25, 4, 8.5, 4.25], "texture": "#1"},
				"west": {"uv": [7.375, 5.75, 8.25, 6], "texture": "#1"},
				"up": {"uv": [3.875, 8.375, 3.625, 7.5], "texture": "#1"},
				"down": {"uv": [4.125, 7.5, 3.875, 8.375], "texture": "#1"}
			}
		},
		{
			"from": [-11.2148, 8, -6.83563],
			"to": [-9.7148, 10, -1.33563],
			"rotation": {"x": 0, "y": -47.5, "z": -22.5, "origin": [0, 8.5, 3.5]},
			"faces": {
				"north": {"uv": [4.125, 8.25, 4.375, 8.5], "texture": "#1"},
				"east": {"uv": [7.75, 0.875, 8.5, 1.125], "texture": "#1"},
				"south": {"uv": [8.25, 4.25, 8.5, 4.5], "texture": "#1"},
				"west": {"uv": [7.75, 1.125, 8.5, 1.375], "texture": "#1"},
				"up": {"uv": [8, 4.25, 7.75, 3.5], "texture": "#1"},
				"down": {"uv": [0.5, 7.875, 0.25, 8.625], "texture": "#1"}
			}
		},
		{
			"from": [-3.65504, 7.75, -13.63194],
			"to": [-0.90504, 10.25, -7.13194],
			"rotation": {"angle": -22.5, "axis": "z", "origin": [0, 8.5, 3.5]},
			"faces": {
				"north": {"uv": [1.25, 8, 1.625, 8.375], "texture": "#1"},
				"east": {"uv": [5.5, 6.75, 6.375, 7.125], "texture": "#1"},
				"south": {"uv": [2, 8, 2.375, 8.375], "texture": "#1"},
				"west": {"uv": [6.375, 6.75, 7.25, 7.125], "texture": "#1"},
				"up": {"uv": [3.25, 7.875, 2.875, 7], "texture": "#1"},
				"down": {"uv": [3.625, 7, 3.25, 7.875], "texture": "#1"}
			}
		},
		{
			"from": [-2.49264, 0, 1.79289],
			"to": [3.25736, 4, 6.79289],
			"rotation": {"angle": 45, "axis": "z", "origin": [1, 1.5, 4.5]},
			"faces": {
				"north": {"uv": [6.5, 3, 7.25, 3.5], "texture": "#1"},
				"east": {"uv": [7.25, 1.5, 7.875, 2], "texture": "#1"},
				"south": {"uv": [6.5, 4.75, 7.25, 5.25], "texture": "#1"},
				"west": {"uv": [7.25, 2, 7.875, 2.5], "texture": "#1"},
				"up": {"uv": [3.75, 6.625, 3, 6], "texture": "#1"},
				"down": {"uv": [4.5, 6, 3.75, 6.625], "texture": "#1"}
			}
		},
		{
			"from": [-3.11612, 0.25, -3.38388],
			"to": [1.88388, 3.75, 3.61612],
			"rotation": {"x": 0, "y": 45, "z": 45, "origin": [1, 1.5, 4.5]},
			"faces": {
				"north": {"uv": [7.25, 2.5, 7.875, 3], "texture": "#1"},
				"east": {"uv": [5.375, 6.25, 6.25, 6.75], "texture": "#1"},
				"south": {"uv": [7.25, 3, 7.875, 3.5], "texture": "#1"},
				"west": {"uv": [6.25, 6.25, 7.125, 6.75], "texture": "#1"},
				"up": {"uv": [3, 6.25, 2.375, 5.375], "texture": "#1"},
				"down": {"uv": [6.125, 0, 5.5, 0.875], "texture": "#1"}
			}
		},
		{
			"from": [-7.90504, 0.5, -5.63194],
			"to": [-3.90504, 3.5, 5.86806],
			"rotation": {"x": 0, "y": -22.5, "z": 45, "origin": [1, 1.5, 4.5]},
			"faces": {
				"north": {"uv": [7.625, 7.5, 8.125, 7.875], "texture": "#1"},
				"east": {"uv": [5, 3, 6.5, 3.375], "texture": "#1"},
				"south": {"uv": [7.75, 0.5, 8.25, 0.875], "texture": "#1"},
				"west": {"uv": [5, 3.375, 6.5, 3.75], "texture": "#1"},
				"up": {"uv": [0.5, 6.5, 0, 5], "texture": "#1"},
				"down": {"uv": [5.5, 0, 5, 1.5], "texture": "#1"}
			}
		},
		{
			"from": [-6.90504, 1, -0.63194],
			"to": [-5.40504, 3, 5.86806],
			"rotation": {"x": 0, "y": -55, "z": 45, "origin": [1, 1.5, 4.5]},
			"faces": {
				"north": {"uv": [8.25, 3.75, 8.5, 4], "texture": "#1"},
				"east": {"uv": [7.375, 5.5, 8.25, 5.75], "texture": "#1"},
				"south": {"uv": [8.25, 4, 8.5, 4.25], "texture": "#1"},
				"west": {"uv": [7.375, 5.75, 8.25, 6], "texture": "#1"},
				"up": {"uv": [3.875, 8.375, 3.625, 7.5], "texture": "#1"},
				"down": {"uv": [4.125, 7.5, 3.875, 8.375], "texture": "#1"}
			}
		},
		{
			"from": [-10.2148, 1, -5.83563],
			"to": [-8.7148, 3, -0.33563],
			"rotation": {"x": 0, "y": -47.5, "z": 45, "origin": [1, 1.5, 4.5]},
			"faces": {
				"north": {"uv": [4.125, 8.25, 4.375, 8.5], "texture": "#1"},
				"east": {"uv": [7.75, 0.875, 8.5, 1.125], "texture": "#1"},
				"south": {"uv": [8.25, 4.25, 8.5, 4.5], "texture": "#1"},
				"west": {"uv": [7.75, 1.125, 8.5, 1.375], "texture": "#1"},
				"up": {"uv": [8, 4.25, 7.75, 3.5], "texture": "#1"},
				"down": {"uv": [0.5, 7.875, 0.25, 8.625], "texture": "#1"}
			}
		},
		{
			"from": [-2.65504, 0.75, -12.63194],
			"to": [0.09496, 3.25, -6.13194],
			"rotation": {"angle": 45, "axis": "z", "origin": [1, 1.5, 4.5]},
			"faces": {
				"north": {"uv": [1.25, 8, 1.625, 8.375], "texture": "#1"},
				"east": {"uv": [5.5, 6.75, 6.375, 7.125], "texture": "#1"},
				"south": {"uv": [2, 8, 2.375, 8.375], "texture": "#1"},
				"west": {"uv": [6.375, 6.75, 7.25, 7.125], "texture": "#1"},
				"up": {"uv": [3.25, 7.875, 2.875, 7], "texture": "#1"},
				"down": {"uv": [3.625, 7, 3.25, 7.875], "texture": "#1"}
			}
		},
		{
			"from": [3.25, 10.5, 0],
			"to": [5.25, 12.5, 2],
			"rotation": {"x": 67.5, "y": 0, "z": 0, "origin": [4.25, 11.5, 1]},
			"faces": {
				"north": {"uv": [8.25, 4.5, 8.5, 4.75], "texture": "#1"},
				"east": {"uv": [4.75, 8.25, 5, 8.5], "texture": "#1"},
				"south": {"uv": [5, 8.25, 5.25, 8.5], "texture": "#1"},
				"west": {"uv": [8.25, 5.125, 8.5, 5.375], "texture": "#1"},
				"up": {"uv": [5.5, 8.5, 5.25, 8.25], "texture": "#1"},
				"down": {"uv": [8.5, 5.375, 8.25, 5.625], "texture": "#1"}
			}
		},
		{
			"from": [3.25, 10.5, 5],
			"to": [5.25, 13.5, 7],
			"rotation": {"x": 67.5, "y": 0, "z": 0, "origin": [4.25, 11.5, 6]},
			"faces": {
				"north": {"uv": [8, 6.375, 8.25, 6.75], "texture": "#1"},
				"east": {"uv": [8, 7.875, 8.25, 8.25], "texture": "#1"},
				"south": {"uv": [8.125, 1.375, 8.375, 1.75], "texture": "#1"},
				"west": {"uv": [8.125, 1.75, 8.375, 2.125], "texture": "#1"},
				"up": {"uv": [5.75, 8.5, 5.5, 8.25], "texture": "#1"},
				"down": {"uv": [8.5, 5.625, 8.25, 5.875], "texture": "#1"}
			}
		},
		{
			"from": [2.75, 10.5, 10],
			"to": [4.75, 14.5, 12],
			"rotation": {"x": 67.5, "y": 0, "z": 0, "origin": [3.75, 11.5, 11]},
			"faces": {
				"north": {"uv": [4.5, 7.875, 4.75, 8.375], "texture": "#1"},
				"east": {"uv": [8, 3.25, 8.25, 3.75], "texture": "#1"},
				"south": {"uv": [8, 3.75, 8.25, 4.25], "texture": "#1"},
				"west": {"uv": [8, 4.25, 8.25, 4.75], "texture": "#1"},
				"up": {"uv": [8.5, 6.5, 8.25, 6.25], "texture": "#1"},
				"down": {"uv": [8.5, 6.5, 8.25, 6.75], "texture": "#1"}
			}
		},
		{
			"from": [2, 10.5, 15],
			"to": [4, 15.5, 17],
			"rotation": {"x": 67.5, "y": 0, "z": 0, "origin": [3, 11.5, 16]},
			"faces": {
				"north": {"uv": [0.5, 7.875, 0.75, 8.5], "texture": "#1"},
				"east": {"uv": [0.75, 7.875, 1, 8.5], "texture": "#1"},
				"south": {"uv": [7.875, 1.375, 8.125, 2], "texture": "#1"},
				"west": {"uv": [7.875, 2, 8.125, 2.625], "texture": "#1"},
				"up": {"uv": [3.25, 6, 3, 5.75], "texture": "#1"},
				"down": {"uv": [3.5, 5.75, 3.25, 6], "texture": "#1"}
			}
		},
		{
			"from": [12, 10.5, 15],
			"to": [14, 15.5, 17],
			"rotation": {"x": 67.5, "y": 0, "z": 0, "origin": [13, 11.5, 16]},
			"faces": {
				"north": {"uv": [7.875, 2.625, 8.125, 3.25], "texture": "#1"},
				"east": {"uv": [2.75, 7.875, 3, 8.5], "texture": "#1"},
				"south": {"uv": [3, 7.875, 3.25, 8.5], "texture": "#1"},
				"west": {"uv": [3.25, 7.875, 3.5, 8.5], "texture": "#1"},
				"up": {"uv": [7.5, 8.5, 7.25, 8.25], "texture": "#1"},
				"down": {"uv": [7.75, 8.25, 7.5, 8.5], "texture": "#1"}
			}
		},
		{
			"from": [11.25, 10.5, 10],
			"to": [13.25, 14.5, 12],
			"rotation": {"x": 67.5, "y": 0, "z": 0, "origin": [12.25, 11.5, 11]},
			"faces": {
				"north": {"uv": [5.75, 8, 6, 8.5], "texture": "#1"},
				"east": {"uv": [6, 8, 6.25, 8.5], "texture": "#1"},
				"south": {"uv": [6.25, 8, 6.5, 8.5], "texture": "#1"},
				"west": {"uv": [6.5, 8, 6.75, 8.5], "texture": "#1"},
				"up": {"uv": [8, 8.5, 7.75, 8.25], "texture": "#1"},
				"down": {"uv": [8.5, 7.75, 8.25, 8], "texture": "#1"}
			}
		},
		{
			"from": [10.75, 10.5, 5],
			"to": [12.75, 13.5, 7],
			"rotation": {"x": 67.5, "y": 0, "z": 0, "origin": [11.75, 11.5, 6]},
			"faces": {
				"north": {"uv": [8.125, 2.125, 8.375, 2.5], "texture": "#1"},
				"east": {"uv": [8.125, 2.5, 8.375, 2.875], "texture": "#1"},
				"south": {"uv": [8.125, 2.875, 8.375, 3.25], "texture": "#1"},
				"west": {"uv": [8.125, 4.75, 8.375, 5.125], "texture": "#1"},
				"up": {"uv": [8.25, 8.5, 8, 8.25], "texture": "#1"},
				"down": {"uv": [8.5, 8, 8.25, 8.25], "texture": "#1"}
			}
		},
		{
			"from": [10.75, 10.5, 0],
			"to": [12.75, 12.5, 2],
			"rotation": {"x": 67.5, "y": 0, "z": 0, "origin": [11.75, 11.5, 1]},
			"faces": {
				"north": {"uv": [8.25, 8.25, 8.5, 8.5], "texture": "#1"},
				"east": {"uv": [8.375, 0, 8.625, 0.25], "texture": "#1"},
				"south": {"uv": [8.375, 0.25, 8.625, 0.5], "texture": "#1"},
				"west": {"uv": [1, 8.375, 1.25, 8.625], "texture": "#1"},
				"up": {"uv": [1.5, 8.625, 1.25, 8.375], "texture": "#1"},
				"down": {"uv": [8.625, 1.375, 8.375, 1.625], "texture": "#1"}
			}
		}
	],
	"groups": [
		{
			"name": "group",
			"origin": [23, 8, 16],
			"color": 0,
			"children": [
				0,
				{
					"name": "mandible",
					"origin": [8, 8, 8],
					"color": 0,
					"children": [1, 2, 3, 4, 5, 6]
				},
				{
					"name": "mandible",
					"origin": [8, 8, 8],
					"color": 0,
					"children": [7, 8, 9, 10, 11, 12]
				},
				{
					"name": "mandible",
					"origin": [8, 8, 8],
					"color": 0,
					"children": [13, 14, 15, 16, 17, 18]
				},
				{
					"name": "mandible",
					"origin": [8, 8, 8],
					"color": 0,
					"children": [19, 20, 21, 22, 23, 24]
				},
				25,
				26,
				27,
				28,
				29,
				30,
				31,
				32
			]
		}
	]
}