{
	"format_version": "1.21.11",
	"credit": "Made with Blockbench",
	"texture_size": [64, 64],
	"textures": {
		"1": "magic:item/worm_body"
	},
	"elements": [
		{
			"from": [-0.5, 0, -2],
			"to": [16.25, 12, 18],
			"rotation": {"angle": 0, "axis": "y", "origin": [7, 5, 1]},
			"faces": {
				"north": {"uv": [0, 8, 4.25, 11], "texture": "#1"},
				"east": {"uv": [0, 5, 5, 8], "texture": "#1"},
				"south": {"uv": [4.25, 8, 8.5, 11], "texture": "#1"},
				"west": {"uv": [5, 5, 10, 8], "texture": "#1"},
				"up": {"uv": [4.25, 5, 0, 0], "texture": "#1"},
				"down": {"uv": [8.5, 0, 4.25, 5], "texture": "#1"}
			}
		},
		{
			"from": [2, 10.5, 0],
			"to": [4, 13.5, 2],
			"rotation": {"x": 67.5, "y": 0, "z": 0, "origin": [3, 11.5, 1]},
			"faces": {
				"north": {"uv": [10.25, 0, 10.75, 0.75], "texture": "#1"},
				"east": {"uv": [10.25, 3.5, 10.75, 4.25], "texture": "#1"},
				"south": {"uv": [8.5, 10.25, 9, 11], "texture": "#1"},
				"west": {"uv": [10.5, 1.5, 11, 2.25], "texture": "#1"},
				"up": {"uv": [11, 8.5, 10.5, 8], "texture": "#1"},
				"down": {"uv": [11.25, 3.75, 10.75, 4.25], "texture": "#1"}
			}
		},
		{
			"from": [2, 10.5, 7],
			"to": [4, 14.5, 9],
			"rotation": {"x": 67.5, "y": 0, "z": 0, "origin": [3, 11.5, 8]},
			"faces": {
				"north": {"uv": [9, 2.25, 9.5, 3.25], "texture": "#1"},
				"east": {"uv": [9, 8, 9.5, 9], "texture": "#1"},
				"south": {"uv": [9, 9, 9.5, 10], "texture": "#1"},
				"west": {"uv": [8.5, 9.25, 9, 10.25], "texture": "#1"},
				"up": {"uv": [1, 11.5, 0.5, 11], "texture": "#1"},
				"down": {"uv": [11.5, 0.75, 11, 1.25], "texture": "#1"}
			}
		},
		{
			"from": [2, 10.5, 14],
			"to": [4, 13.5, 16],
			"rotation": {"x": 67.5, "y": 0, "z": 0, "origin": [3, 11.5, 15]},
			"faces": {
				"north": {"uv": [10.5, 4.25, 11, 5], "texture": "#1"},
				"east": {"uv": [10.5, 5, 11, 5.75], "texture": "#1"},
				"south": {"uv": [10.5, 6.5, 11, 7.25], "texture": "#1"},
				"west": {"uv": [10.5, 7.25, 11, 8], "texture": "#1"},
				"up": {"uv": [1.5, 11.5, 1, 11], "texture": "#1"},
				"down": {"uv": [11.5, 1.25, 11, 1.75], "texture": "#1"}
			}
		},
		{
			"from": [12, 10.5, 0],
			"to": [14, 13.5, 2],
			"rotation": {"x": 67.5, "y": 0, "z": 0, "origin": [13, 11.5, 1]},
			"faces": {
				"north": {"uv": [9, 10.5, 9.5, 11.25], "texture": "#1"},
				"east": {"uv": [10.5, 9, 11, 9.75], "texture": "#1"},
				"south": {"uv": [9.5, 10.5, 10, 11.25], "texture": "#1"},
				"west": {"uv": [10.5, 9.75, 11, 10.5], "texture": "#1"},
				"up": {"uv": [2, 11.5, 1.5, 11], "texture": "#1"},
				"down": {"uv": [11.5, 1.75, 11, 2.25], "texture": "#1"}
			}
		},
		{
			"from": [12, 10.5, 7],
			"to": [14, 14.5, 9],
			"rotation": {"x": 67.5, "y": 0, "z": 0, "origin": [13, 11.5, 8]},
			"faces": {
				"north": {"uv": [9.5, 1, 10, 2], "texture": "#1"},
				"east": {"uv": [9.5, 2, 10, 3], "texture": "#1"},
				"south": {"uv": [9.5, 8, 10, 9], "texture": "#1"},
				"west": {"uv": [9.5, 9, 10, 10], "texture": "#1"},
				"up": {"uv": [2.5, 11.5, 2, 11], "texture": "#1"},
				"down": {"uv": [11.5, 2.25, 11, 2.75], "texture": "#1"}
			}
		},
		{
			"from": [12, 10.5, 14],
			"to": [14, 13.5, 16],
			"rotation": {"x": 67.5, "y": 0, "z": 0, "origin": [13, 11.5, 15]},
			"faces": {
				"north": {"uv": [10.5, 10.5, 11, 11.25], "texture": "#1"},
				"east": {"uv": [10.75, 0, 11.25, 0.75], "texture": "#1"},
				"south": {"uv": [10.75, 3, 11.25, 3.75], "texture": "#1"},
				"west": {"uv": [0, 11, 0.5, 11.75], "texture": "#1"},
				"up": {"uv": [3, 11.5, 2.5, 11], "texture": "#1"},
				"down": {"uv": [3.5, 11, 3, 11.5], "texture": "#1"}
			}
		},
		{
			"from": [-2, 7, 0],
			"to": [1, 10, 5],
			"rotation": {"x": 0, "y": -67.5, "z": 0, "origin": [-1, 9, 1]},
			"faces": {
				"north": {"uv": [3.5, 11, 4, 11.5], "texture": "#1"},
				"east": {"uv": [8.5, 0, 9.75, 0.5], "texture": "#1"},
				"south": {"uv": [4, 11, 4.5, 11.5], "texture": "#1"},
				"west": {"uv": [8.5, 0.5, 9.75, 1], "texture": "#1"},
				"up": {"uv": [9, 2.25, 8.5, 1], "texture": "#1"},
				"down": {"uv": [9, 2.25, 8.5, 3.5], "texture": "#1"}
			}
		},
		{
			"from": [-2, 7, 7],
			"to": [1, 10, 11],
			"rotation": {"x": 0, "y": -67.5, "z": 0, "origin": [-1, 9, 8]},
			"faces": {
				"north": {"uv": [11, 4.25, 11.5, 4.75], "texture": "#1"},
				"east": {"uv": [8.5, 4.5, 9.5, 5], "texture": "#1"},
				"south": {"uv": [4.5, 11, 5, 11.5], "texture": "#1"},
				"west": {"uv": [9.5, 3, 10.5, 3.5], "texture": "#1"},
				"up": {"uv": [10.25, 1, 9.75, 0], "texture": "#1"},
				"down": {"uv": [10.25, 3.5, 9.75, 4.5], "texture": "#1"}
			}
		},
		{
			"from": [-3, 7, 14],
			"to": [0, 10, 18],
			"rotation": {"x": 0, "y": -67.5, "z": 0, "origin": [-1, 9, 15]},
			"faces": {
				"north": {"uv": [11, 4.75, 11.5, 5.25], "texture": "#1"},
				"east": {"uv": [9.5, 4.5, 10.5, 5], "texture": "#1"},
				"south": {"uv": [5, 11, 5.5, 11.5], "texture": "#1"},
				"west": {"uv": [10, 1, 11, 1.5], "texture": "#1"},
				"up": {"uv": [10.5, 2.5, 10, 1.5], "texture": "#1"},
				"down": {"uv": [10.5, 5, 10, 6], "texture": "#1"}
			}
		},
		{
			"from": [15, 7, 0],
			"to": [18, 10, 5],
			"rotation": {"x": 0, "y": 67.5, "z": 0, "origin": [17, 9, 1]},
			"faces": {
				"north": {"uv": [11, 5.25, 11.5, 5.75], "texture": "#1"},
				"east": {"uv": [8.5, 3.5, 9.75, 4], "texture": "#1"},
				"south": {"uv": [5.5, 11, 6, 11.5], "texture": "#1"},
				"west": {"uv": [8.5, 4, 9.75, 4.5], "texture": "#1"},
				"up": {"uv": [9, 9.25, 8.5, 8], "texture": "#1"},
				"down": {"uv": [9.5, 1, 9, 2.25], "texture": "#1"}
			}
		},
		{
			"from": [15, 7, 7],
			"to": [18, 10, 11],
			"rotation": {"x": 0, "y": 67.5, "z": 0, "origin": [17, 9, 8]},
			"faces": {
				"north": {"uv": [11, 5.75, 11.5, 6.25], "texture": "#1"},
				"east": {"uv": [10, 2.5, 11, 3], "texture": "#1"},
				"south": {"uv": [6, 11, 6.5, 11.5], "texture": "#1"},
				"west": {"uv": [10, 6, 11, 6.5], "texture": "#1"},
				"up": {"uv": [10.5, 7.5, 10, 6.5], "texture": "#1"},
				"down": {"uv": [10.5, 7.5, 10, 8.5], "texture": "#1"}
			}
		},
		{
			"from": [15, 7, 14],
			"to": [18, 10, 18],
			"rotation": {"x": 0, "y": 67.5, "z": 0, "origin": [17, 9, 15]},
			"faces": {
				"north": {"uv": [11, 6.25, 11.5, 6.75], "texture": "#1"},
				"east": {"uv": [10, 8.5, 11, 9], "texture": "#1"},
				"south": {"uv": [6.5, 11, 7, 11.5], "texture": "#1"},
				"west": {"uv": [9, 10, 10, 10.5], "texture": "#1"},
				"up": {"uv": [10.5, 10, 10, 9], "texture": "#1"},
				"down": {"uv": [10.5, 10, 10, 11], "texture": "#1"}
			}
		}
	],
	"groups": [
		{
			"name": "group",
			"origin": [8, 8, 8],
			"color": 0,
			"children": [0, 1, 2, 3, 4, 5, 6, 7, 8, 9, 10, 11, 12]
		}
	]
}