{
	"textures": {
		"0": "animated_java:blueprint/dummy/dummy_body",
		"particle": "minecraft:item/pufferfish"
	},
	"display": {
		"head": {
			"rotation": [0, 180, 0]
		}
	},
	"elements": [
		{
			"from": [6.75, 8, 6.75],
			"to": [9.25, 20, 9.5],
			"rotation": {
				"angle": 0,
				"axis": "y",
				"origin": [8, 8, 8]
			},
			"faces": {
				"north": {
					"uv": [8, 1.5, 8.75, 4.5],
					"texture": "#0"
				},
				"east": {
					"uv": [2, 8, 2.75, 11],
					"texture": "#0"
				},
				"south": {
					"uv": [2.75, 8, 3.5, 11],
					"texture": "#0"
				},
				"west": {
					"uv": [3.5, 8, 4.25, 11],
					"texture": "#0"
				},
				"up": {
					"uv": [9, 8.75, 8.25, 8],
					"texture": "#0"
				},
				"down": {
					"uv": [9.5, 1.5, 8.75, 2.25],
					"texture": "#0"
				}
			}
		},
		{
			"from": [5, 19, 6],
			"to": [11, 20, 10],
			"rotation": {
				"angle": 0,
				"axis": "y",
				"origin": [8, 18, 8]
			},
			"faces": {
				"north": {
					"uv": [8.75, 2.25, 10.25, 2.5],
					"texture": "#0"
				},
				"east": {
					"uv": [8.75, 2.75, 9.75, 3],
					"texture": "#0"
				},
				"south": {
					"uv": [8.75, 2.5, 10.25, 2.75],
					"texture": "#0"
				},
				"west": {
					"uv": [8.75, 3, 9.75, 3.25],
					"texture": "#0"
				},
				"up": {
					"uv": [5.75, 9, 4.25, 8],
					"texture": "#0"
				},
				"down": {
					"uv": [9.5, 4.5, 8, 5.5],
					"texture": "#0"
				}
			}
		},
		{
			"from": [4, 8, 5],
			"to": [12, 10, 11],
			"rotation": {
				"angle": 0,
				"axis": "y",
				"origin": [8, 7, 8]
			},
			"faces": {
				"north": {
					"uv": [8, 5.5, 10, 6],
					"texture": "#0"
				},
				"east": {
					"uv": [8.25, 7, 9.75, 7.5],
					"texture": "#0"
				},
				"south": {
					"uv": [8, 6, 10, 6.5],
					"texture": "#0"
				},
				"west": {
					"uv": [8.25, 7.5, 9.75, 8],
					"texture": "#0"
				},
				"up": {
					"uv": [2, 9.5, 0, 8],
					"texture": "#0"
				},
				"down": {
					"uv": [10, 0, 8, 1.5],
					"texture": "#0"
				}
			}
		},
		{
			"from": [4, 20, 6],
			"to": [12, 32, 10],
			"rotation": {
				"angle": 0,
				"axis": "y",
				"origin": [8, 8, 8]
			},
			"faces": {
				"north": {
					"uv": [1, 5, 3, 8],
					"texture": "#0"
				},
				"east": {
					"uv": [0, 5, 1, 8],
					"texture": "#0"
				},
				"south": {
					"uv": [4, 5, 6, 8],
					"texture": "#0"
				},
				"west": {
					"uv": [3, 5, 4, 8],
					"texture": "#0"
				},
				"up": {
					"uv": [3, 5, 1, 4],
					"texture": "#0"
				},
				"down": {
					"uv": [5, 4, 3, 5],
					"texture": "#0"
				}
			}
		}
	]
}