{
	"textures": {
		"0": "animated_java:blueprint/dummy/dummy_body",
		"particle": "minecraft:item/pufferfish"
	},
	"display": {
		"head": {
			"rotation": [0, 180, 0]
		}
	},
	"elements": [
		{
			"from": [7, -2, 7],
			"to": [9, 10, 9],
			"rotation": {
				"angle": 0,
				"axis": "y",
				"origin": [3, -14, 8]
			},
			"faces": {
				"north": {
					"uv": [6.5, 8, 7, 11],
					"texture": "#0"
				},
				"east": {
					"uv": [6, 8, 6.5, 11],
					"texture": "#0"
				},
				"south": {
					"uv": [7.5, 8, 8, 11],
					"texture": "#0"
				},
				"west": {
					"uv": [7, 8, 7.5, 11],
					"texture": "#0"
				},
				"up": {
					"uv": [7, 8, 6.5, 7.5],
					"texture": "#0"
				},
				"down": {
					"uv": [7.5, 7.5, 7, 8],
					"texture": "#0"
				}
			}
		}
	]
}