{
	"textures": {
		"0": "animated_java:blueprint/dummy/dummy_body",
		"particle": "minecraft:item/pufferfish"
	},
	"display": {
		"head": {
			"rotation": [0, 180, 0]
		}
	},
	"elements": [
		{
			"from": [7.5, 7.5, -3],
			"to": [8.5, 8.5, 11],
			"rotation": {
				"angle": 0,
				"axis": "y",
				"origin": [8, 7, 8]
			},
			"faces": {
				"north": {
					"uv": [8.75, 3.25, 9, 3.5],
					"texture": "#0"
				},
				"east": {
					"uv": [8, 6.5, 11.5, 6.75],
					"texture": "#0"
				},
				"south": {
					"uv": [8.75, 3.5, 9, 3.75],
					"texture": "#0"
				},
				"west": {
					"uv": [8, 6.75, 11.5, 7],
					"texture": "#0"
				},
				"up": {
					"uv": [6, 11.5, 5.75, 8],
					"texture": "#0"
				},
				"down": {
					"uv": [8.25, 7, 8, 10.5],
					"texture": "#0"
				}
			}
		}
	]
}