{
	"textures": {
		"0": "animated_java:blueprint/ghost_knight/knight_head",
		"particle": "minecraft:item/pufferfish"
	},
	"display": {
		"head": {
			"rotation": [0, 180, 0]
		}
	},
	"elements": [
		{
			"from": [5.625, 7, 5.875],
			"to": [9.875, 9.25, 10.125],
			"rotation": {
				"angle": -45,
				"axis": "y",
				"origin": [8, 7.75, 8.25]
			},
			"faces": {
				"north": {
					"uv": [12.5, 5.5, 14.5, 6.5],
					"texture": "#0"
				},
				"east": {
					"uv": [6.5, 13.5, 8.5, 14.5],
					"texture": "#0"
				},
				"south": {
					"uv": [8.5, 13.5, 10.5, 14.5],
					"texture": "#0"
				},
				"west": {
					"uv": [14, 6.5, 16, 7.5],
					"texture": "#0"
				},
				"up": {
					"uv": [14.5, 2, 12.5, 0],
					"texture": "#0"
				},
				"down": {
					"uv": [14.5, 2, 12.5, 4],
					"texture": "#0"
				}
			}
		}
	]
}