{
	"textures": {
		"2": "animated_java:blueprint/ghost_knight/knight_torso",
		"particle": "minecraft:item/pufferfish"
	},
	"display": {
		"head": {
			"rotation": [0, 180, 0]
		}
	},
	"elements": [
		{
			"from": [6.75, 8.25, 3.83579],
			"to": [14, 16.5, 5.08579],
			"rotation": {
				"angle": -45,
				"axis": "y",
				"origin": [8, 15.5, 5.08579]
			},
			"faces": {
				"north": {
					"uv": [5, 0, 8.5, 4],
					"texture": "#2"
				},
				"east": {
					"uv": [5.5, 12, 6, 16],
					"texture": "#2"
				},
				"south": {
					"uv": [5, 4, 8.5, 8],
					"texture": "#2"
				},
				"west": {
					"uv": [6, 12, 6.5, 16],
					"texture": "#2"
				},
				"up": {
					"uv": [15, 3.5, 11.5, 3],
					"texture": "#2"
				},
				"down": {
					"uv": [15, 3.5, 11.5, 4],
					"texture": "#2"
				}
			}
		},
		{
			"from": [6.75, 8.25, 5.08579],
			"to": [8, 16.5, 11.08579],
			"rotation": {
				"angle": -45,
				"axis": "y",
				"origin": [8, 15.5, 5.08579]
			},
			"faces": {
				"north": {
					"uv": [6.5, 12, 7, 16],
					"texture": "#2"
				},
				"east": {
					"uv": [8, 8, 11, 12],
					"texture": "#2"
				},
				"south": {
					"uv": [7, 12, 7.5, 16],
					"texture": "#2"
				},
				"west": {
					"uv": [8.5, 0, 11.5, 4],
					"texture": "#2"
				},
				"up": {
					"uv": [8, 15, 7.5, 12],
					"texture": "#2"
				},
				"down": {
					"uv": [8.5, 12, 8, 15],
					"texture": "#2"
				}
			}
		},
		{
			"from": [2.33058, 15.25, 5.84099],
			"to": [4.58058, 17.75, 8.34099],
			"rotation": {
				"angle": -45,
				"axis": "y",
				"origin": [3.58058, 16.5, 7.09099]
			},
			"faces": {
				"north": {
					"uv": [8.5, 12, 9.5, 13.5],
					"texture": "#2"
				},
				"east": {
					"uv": [11, 11, 12.5, 12.5],
					"texture": "#2"
				},
				"south": {
					"uv": [9.5, 12, 10.5, 13.5],
					"texture": "#2"
				},
				"west": {
					"uv": [11.5, 0, 13, 1.5],
					"texture": "#2"
				},
				"up": {
					"uv": [11.5, 14, 10.5, 12.5],
					"texture": "#2"
				},
				"down": {
					"uv": [13.5, 11, 12.5, 12.5],
					"texture": "#2"
				}
			}
		},
		{
			"from": [11.41942, 15.25, 5.84099],
			"to": [13.66942, 17.75, 8.34099],
			"rotation": {
				"angle": 45,
				"axis": "y",
				"origin": [12.41942, 16.5, 7.09099]
			},
			"faces": {
				"north": {
					"uv": [11.5, 12.5, 12.5, 14],
					"texture": "#2"
				},
				"east": {
					"uv": [11.5, 1.5, 13, 3],
					"texture": "#2"
				},
				"south": {
					"uv": [12.5, 12.5, 13.5, 14],
					"texture": "#2"
				},
				"west": {
					"uv": [4, 12, 5.5, 13.5],
					"texture": "#2"
				},
				"up": {
					"uv": [14, 1.5, 13, 0],
					"texture": "#2"
				},
				"down": {
					"uv": [14, 1.5, 13, 3],
					"texture": "#2"
				}
			}
		}
	]
}