{
	"textures": {
		"0": "animated_java:blueprint/ghost_knight/knight_head",
		"particle": "minecraft:item/pufferfish"
	},
	"display": {
		"head": {
			"rotation": [0, 180, 0]
		}
	},
	"elements": [
		{
			"from": [4, 8, 6],
			"to": [12, 15, 12],
			"rotation": {
				"angle": 0,
				"axis": "y",
				"origin": [8, -16, 7]
			},
			"faces": {
				"north": {
					"uv": [5.5, 0, 9.5, 3.5],
					"texture": "#0"
				},
				"east": {
					"uv": [8, 7, 11, 10.5],
					"texture": "#0"
				},
				"south": {
					"uv": [5.5, 3.5, 9.5, 7],
					"texture": "#0"
				},
				"west": {
					"uv": [9.5, 0, 12.5, 3.5],
					"texture": "#0"
				},
				"up": {
					"uv": [4, 10, 0, 7],
					"texture": "#0"
				},
				"down": {
					"uv": [8, 7, 4, 10],
					"texture": "#0"
				}
			}
		},
		{
			"from": [7.25, 8, 2.25],
			"to": [12.75, 14.25, 7.75],
			"rotation": {
				"angle": -45,
				"axis": "y",
				"origin": [8, 8, 3]
			},
			"faces": {
				"north": {
					"uv": [9.5, 3.5, 12.5, 6.5],
					"texture": "#0"
				},
				"east": {
					"uv": [0, 10, 3, 13],
					"texture": "#0"
				},
				"south": {
					"uv": [3, 10, 6, 13],
					"texture": "#0"
				},
				"west": {
					"uv": [6, 10.5, 9, 13.5],
					"texture": "#0"
				},
				"up": {
					"uv": [12, 13.5, 9, 10.5],
					"texture": "#0"
				},
				"down": {
					"uv": [14, 6.5, 11, 9.5],
					"texture": "#0"
				}
			}
		},
		{
			"from": [6, 13, 6],
			"to": [10, 16, 11],
			"rotation": {
				"angle": -22.5,
				"axis": "x",
				"origin": [8, 15, 8]
			},
			"faces": {
				"north": {
					"uv": [2.5, 13, 4.5, 14.5],
					"texture": "#0"
				},
				"east": {
					"uv": [12.5, 4, 15, 5.5],
					"texture": "#0"
				},
				"south": {
					"uv": [4.5, 13.5, 6.5, 15],
					"texture": "#0"
				},
				"west": {
					"uv": [0, 13, 2.5, 14.5],
					"texture": "#0"
				},
				"up": {
					"uv": [14, 12, 12, 9.5],
					"texture": "#0"
				},
				"down": {
					"uv": [14, 12, 12, 14.5],
					"texture": "#0"
				}
			}
		},
		{
			"from": [8, 15, 4],
			"to": [8, 22, 15],
			"rotation": {
				"angle": 0,
				"axis": "y",
				"origin": [8, 16, 6]
			},
			"faces": {
				"north": {
					"uv": [0, 0, 0, 3.5],
					"texture": "#0"
				},
				"east": {
					"uv": [0, 0, 5.5, 3.5],
					"texture": "#0"
				},
				"south": {
					"uv": [0, 0, 0, 3.5],
					"texture": "#0"
				},
				"west": {
					"uv": [0, 3.5, 5.5, 7],
					"texture": "#0"
				},
				"up": {
					"uv": [0, 5.5, 0, 0],
					"texture": "#0"
				},
				"down": {
					"uv": [0, 0, 0, 5.5],
					"texture": "#0"
				}
			}
		}
	]
}