{
	"textures": {
		"3": "animated_java:blueprint/ghost_knight/knight_arms",
		"particle": "minecraft:item/pufferfish"
	},
	"display": {
		"head": {
			"rotation": [0, 180, 0]
		}
	},
	"elements": [
		{
			"from": [3, 2, 5],
			"to": [8.75, 9, 11],
			"rotation": {
				"angle": 0,
				"axis": "y",
				"origin": [12, -16, 7]
			},
			"faces": {
				"north": {
					"uv": [4.5, 1.75, 6, 3.5],
					"texture": "#3"
				},
				"east": {
					"uv": [4.5, 3.5, 6, 5.25],
					"texture": "#3"
				},
				"south": {
					"uv": [0, 4.75, 1.5, 6.5],
					"texture": "#3"
				},
				"west": {
					"uv": [1.5, 4.75, 3, 6.5],
					"texture": "#3"
				},
				"up": {
					"uv": [1.5, 8, 0, 6.5],
					"texture": "#3"
				},
				"down": {
					"uv": [3, 6.5, 1.5, 8],
					"texture": "#3"
				}
			}
		},
		{
			"from": [7, 4, 4],
			"to": [9, 10, 12],
			"rotation": {
				"angle": 0,
				"axis": "y",
				"origin": [8, 9, 8]
			},
			"faces": {
				"north": {
					"uv": [7.5, 8.5, 8, 10],
					"texture": "#3"
				},
				"east": {
					"uv": [2, 0, 4, 1.5],
					"texture": "#3"
				},
				"south": {
					"uv": [8, 8.5, 8.5, 10],
					"texture": "#3"
				},
				"west": {
					"uv": [2, 1.5, 4, 3],
					"texture": "#3"
				},
				"up": {
					"uv": [7, 10, 6.5, 8],
					"texture": "#3"
				},
				"down": {
					"uv": [7.5, 8, 7, 10],
					"texture": "#3"
				}
			}
		},
		{
			"from": [2, 4, 4],
			"to": [7, 6, 12],
			"rotation": {
				"angle": 0,
				"axis": "y",
				"origin": [6, 9, 8]
			},
			"faces": {
				"north": {
					"uv": [8.5, 8.5, 9.75, 9],
					"texture": "#3"
				},
				"east": {
					"uv": [8.25, 0, 10.25, 0.5],
					"texture": "#3"
				},
				"south": {
					"uv": [4, 8.75, 5.25, 9.25],
					"texture": "#3"
				},
				"west": {
					"uv": [8.25, 0.5, 10.25, 1],
					"texture": "#3"
				},
				"up": {
					"uv": [6.75, 7.25, 5.5, 5.25],
					"texture": "#3"
				},
				"down": {
					"uv": [7.25, 0, 6, 2],
					"texture": "#3"
				}
			}
		}
	]
}