{
	"textures": {
		"1": "animated_java:blueprint/ghost_knight/knight_waist",
		"particle": "minecraft:item/pufferfish"
	},
	"display": {
		"head": {
			"rotation": [0, 180, 0]
		}
	},
	"elements": [
		{
			"from": [6, 1, 6],
			"to": [10, 8, 6],
			"rotation": {
				"angle": 0,
				"axis": "y",
				"origin": [10, -4, 7]
			},
			"faces": {
				"north": {
					"uv": [5, 7, 6, 8.75],
					"texture": "#1"
				},
				"east": {
					"uv": [0, 0, 0, 1.75],
					"texture": "#1"
				},
				"south": {
					"uv": [6, 7, 5, 8.75],
					"texture": "#1"
				},
				"west": {
					"uv": [0, 0, 0, 1.75],
					"texture": "#1"
				},
				"up": {
					"uv": [1, 0, 0, 0],
					"texture": "#1"
				},
				"down": {
					"uv": [1, 0, 0, 0],
					"texture": "#1"
				}
			}
		},
		{
			"from": [6, -2, 10],
			"to": [10, 8, 10],
			"rotation": {
				"angle": 0,
				"axis": "y",
				"origin": [10, -4, 9]
			},
			"faces": {
				"north": {
					"uv": [6.75, 0, 7.75, 2.5],
					"texture": "#1"
				},
				"east": {
					"uv": [0, 0, 0, 2.5],
					"texture": "#1"
				},
				"south": {
					"uv": [6.75, 0, 7.75, 2.5],
					"texture": "#1"
				},
				"west": {
					"uv": [0, 0, 0, 2.5],
					"texture": "#1"
				},
				"up": {
					"uv": [1, 0, 0, 0],
					"texture": "#1"
				},
				"down": {
					"uv": [1, 0, 0, 0],
					"texture": "#1"
				}
			}
		},
		{
			"from": [4.5, -2, 5.5],
			"to": [8.25, 9, 10.5],
			"rotation": {
				"angle": -22.5,
				"axis": "z",
				"origin": [6.5, 6, 8]
			},
			"faces": {
				"north": {
					"uv": [1.25, 4, 2.25, 6.75],
					"texture": "#1"
				},
				"east": {
					"uv": [0, 0, 1.25, 2.75],
					"texture": "#1"
				},
				"south": {
					"uv": [2.25, 4, 3.25, 6.75],
					"texture": "#1"
				},
				"west": {
					"uv": [1.25, 0, 2.5, 2.75],
					"texture": "#1"
				},
				"up": {
					"uv": [8.75, 1.25, 7.75, 0],
					"texture": "#1"
				},
				"down": {
					"uv": [2, 7.75, 1, 9],
					"texture": "#1"
				}
			}
		}
	]
}