{
	"textures": {
		"3": "animated_java:blueprint/ghost_knight/knight_arms",
		"particle": "minecraft:item/pufferfish"
	},
	"display": {
		"head": {
			"rotation": [0, 180, 0]
		}
	},
	"elements": [
		{
			"from": [6, 2, 6],
			"to": [10, 8, 10],
			"rotation": {
				"angle": 0,
				"axis": "y",
				"origin": [14, -10, 7]
			},
			"faces": {
				"north": {
					"uv": [4, 7.25, 5, 8.75],
					"texture": "#3"
				},
				"east": {
					"uv": [5, 7.25, 6, 8.75],
					"texture": "#3"
				},
				"south": {
					"uv": [7.5, 1.5, 8.5, 3],
					"texture": "#3"
				},
				"west": {
					"uv": [7.5, 3, 8.5, 4.5],
					"texture": "#3"
				},
				"up": {
					"uv": [4, 9.25, 3, 8.25],
					"texture": "#3"
				},
				"down": {
					"uv": [9.25, 5.5, 8.25, 6.5],
					"texture": "#3"
				}
			}
		},
		{
			"from": [5.9, 1.9, 5.9],
			"to": [10.1, 4, 10.1],
			"rotation": {
				"angle": 0,
				"axis": "y",
				"origin": [14, -10, 7]
			},
			"faces": {
				"north": {
					"uv": [2, 9, 3, 9.5],
					"texture": "#3"
				},
				"east": {
					"uv": [9, 2, 10, 2.5],
					"texture": "#3"
				},
				"south": {
					"uv": [9, 2.5, 10, 3],
					"texture": "#3"
				},
				"west": {
					"uv": [9, 3, 10, 3.5],
					"texture": "#3"
				},
				"up": {
					"uv": [9.25, 7.5, 8.25, 6.5],
					"texture": "#3"
				},
				"down": {
					"uv": [9.5, 1, 8.5, 2],
					"texture": "#3"
				}
			}
		}
	]
}