{
	"textures": {
		"1": "animated_java:blueprint/ghost_knight/knight_waist",
		"particle": "minecraft:item/pufferfish"
	},
	"display": {
		"head": {
			"rotation": [0, 180, 0]
		}
	},
	"elements": [
		{
			"from": [6, 1, 6],
			"to": [10, 8, 6],
			"rotation": {
				"angle": 0,
				"axis": "y",
				"origin": [6, -5, 7]
			},
			"faces": {
				"north": {
					"uv": [3, 7, 4, 8.75],
					"texture": "#1"
				},
				"east": {
					"uv": [0, 0, 0, 1.75],
					"texture": "#1"
				},
				"south": {
					"uv": [4, 7, 3, 8.75],
					"texture": "#1"
				},
				"west": {
					"uv": [0, 0, 0, 1.75],
					"texture": "#1"
				},
				"up": {
					"uv": [1, 0, 0, 0],
					"texture": "#1"
				},
				"down": {
					"uv": [1, 0, 0, 0],
					"texture": "#1"
				}
			}
		},
		{
			"from": [6, -2, 10],
			"to": [10, 8, 10],
			"rotation": {
				"angle": 0,
				"axis": "y",
				"origin": [6, -5, 9]
			},
			"faces": {
				"north": {
					"uv": [6.25, 3.75, 7.25, 6.25],
					"texture": "#1"
				},
				"east": {
					"uv": [0, 0, 0, 2.5],
					"texture": "#1"
				},
				"south": {
					"uv": [6.25, 3.75, 7.25, 6.25],
					"texture": "#1"
				},
				"west": {
					"uv": [0, 0, 0, 2.5],
					"texture": "#1"
				},
				"up": {
					"uv": [1, 0, 0, 0],
					"texture": "#1"
				},
				"down": {
					"uv": [1, 0, 0, 0],
					"texture": "#1"
				}
			}
		},
		{
			"from": [7.75, -2, 5.5],
			"to": [11.5, 9, 10.5],
			"rotation": {
				"angle": 22.5,
				"axis": "z",
				"origin": [9.5, 6, 8]
			},
			"faces": {
				"north": {
					"uv": [3.25, 4.25, 4.25, 7],
					"texture": "#1"
				},
				"east": {
					"uv": [2.5, 0, 3.75, 2.75],
					"texture": "#1"
				},
				"south": {
					"uv": [4.25, 4.25, 5.25, 7],
					"texture": "#1"
				},
				"west": {
					"uv": [0, 2.75, 1.25, 5.5],
					"texture": "#1"
				},
				"up": {
					"uv": [8.75, 2.5, 7.75, 1.25],
					"texture": "#1"
				},
				"down": {
					"uv": [3, 7.75, 2, 9],
					"texture": "#1"
				}
			}
		}
	]
}