{
	"textures": {
		"3": "animated_java:blueprint/ghost_knight/knight_arms",
		"particle": "minecraft:item/pufferfish"
	},
	"display": {
		"head": {
			"rotation": [0, 180, 0]
		}
	},
	"elements": [
		{
			"from": [7.25, 2, 5],
			"to": [13, 9, 11],
			"rotation": {
				"angle": 0,
				"axis": "y",
				"origin": [4, -16, 7]
			},
			"faces": {
				"north": {
					"uv": [0, 3, 1.5, 4.75],
					"texture": "#3"
				},
				"east": {
					"uv": [1.5, 3, 3, 4.75],
					"texture": "#3"
				},
				"south": {
					"uv": [3, 3, 4.5, 4.75],
					"texture": "#3"
				},
				"west": {
					"uv": [4, 0, 5.5, 1.75],
					"texture": "#3"
				},
				"up": {
					"uv": [7.5, 3.5, 6, 2],
					"texture": "#3"
				},
				"down": {
					"uv": [7.5, 3.5, 6, 5],
					"texture": "#3"
				}
			}
		},
		{
			"from": [7, 4, 4],
			"to": [9, 10, 12],
			"rotation": {
				"angle": 0,
				"axis": "y",
				"origin": [8, 9, 8]
			},
			"faces": {
				"north": {
					"uv": [5.5, 0, 6, 1.5],
					"texture": "#3"
				},
				"east": {
					"uv": [0, 0, 2, 1.5],
					"texture": "#3"
				},
				"south": {
					"uv": [8.5, 2, 9, 3.5],
					"texture": "#3"
				},
				"west": {
					"uv": [0, 1.5, 2, 3],
					"texture": "#3"
				},
				"up": {
					"uv": [6.5, 9.25, 6, 7.25],
					"texture": "#3"
				},
				"down": {
					"uv": [8.25, 5.5, 7.75, 7.5],
					"texture": "#3"
				}
			}
		},
		{
			"from": [9, 4, 4],
			"to": [14, 6, 12],
			"rotation": {
				"angle": 0,
				"axis": "y",
				"origin": [10, 9, 8]
			},
			"faces": {
				"north": {
					"uv": [8.5, 3.5, 9.75, 4],
					"texture": "#3"
				},
				"east": {
					"uv": [7.5, 4.5, 9.5, 5],
					"texture": "#3"
				},
				"south": {
					"uv": [8.5, 4, 9.75, 4.5],
					"texture": "#3"
				},
				"west": {
					"uv": [7.75, 5, 9.75, 5.5],
					"texture": "#3"
				},
				"up": {
					"uv": [4.25, 6.75, 3, 4.75],
					"texture": "#3"
				},
				"down": {
					"uv": [5.5, 5.25, 4.25, 7.25],
					"texture": "#3"
				}
			}
		}
	]
}