{
	"textures": {
		"3": "animated_java:blueprint/ghost_knight/knight_arms",
		"particle": "minecraft:item/pufferfish"
	},
	"display": {
		"head": {
			"rotation": [0, 180, 0]
		}
	},
	"elements": [
		{
			"from": [6, 2, 6],
			"to": [10, 8, 10],
			"rotation": {
				"angle": 0,
				"axis": "y",
				"origin": [2, -10, 7]
			},
			"faces": {
				"north": {
					"uv": [3, 6.75, 4, 8.25],
					"texture": "#3"
				},
				"east": {
					"uv": [6.75, 5, 7.75, 6.5],
					"texture": "#3"
				},
				"south": {
					"uv": [6.75, 6.5, 7.75, 8],
					"texture": "#3"
				},
				"west": {
					"uv": [7.25, 0, 8.25, 1.5],
					"texture": "#3"
				},
				"up": {
					"uv": [8.75, 8.5, 7.75, 7.5],
					"texture": "#3"
				},
				"down": {
					"uv": [1, 8, 0, 9],
					"texture": "#3"
				}
			}
		},
		{
			"from": [5.9, 1.9, 5.9],
			"to": [10.1, 4, 10.1],
			"rotation": {
				"angle": 0,
				"axis": "y",
				"origin": [2, -10, 7]
			},
			"faces": {
				"north": {
					"uv": [8.75, 7.5, 9.75, 8],
					"texture": "#3"
				},
				"east": {
					"uv": [8.75, 8, 9.75, 8.5],
					"texture": "#3"
				},
				"south": {
					"uv": [0, 9, 1, 9.5],
					"texture": "#3"
				},
				"west": {
					"uv": [1, 9, 2, 9.5],
					"texture": "#3"
				},
				"up": {
					"uv": [2, 9, 1, 8],
					"texture": "#3"
				},
				"down": {
					"uv": [3, 8, 2, 9],
					"texture": "#3"
				}
			}
		}
	]
}