{
	"textures": {
		"5": "animated_java:blueprint/ghost_knight/knight_shield",
		"particle": "minecraft:item/pufferfish"
	},
	"display": {
		"head": {
			"rotation": [0, 180, 0]
		}
	},
	"elements": [
		{
			"from": [7.25, 4, 3],
			"to": [8, 12, 13],
			"rotation": {
				"angle": 0,
				"axis": "y",
				"origin": [7, 8, 7]
			},
			"faces": {
				"north": {
					"uv": [6, 5, 6.5, 9],
					"texture": "#5"
				},
				"east": {
					"uv": [0, 0, 5, 4],
					"texture": "#5"
				},
				"south": {
					"uv": [5.5, 6, 6, 10],
					"texture": "#5"
				},
				"west": {
					"uv": [0, 4, 5, 8],
					"texture": "#5"
				},
				"up": {
					"uv": [6.5, 5, 6, 0],
					"texture": "#5"
				},
				"down": {
					"uv": [5.5, 6, 5, 11],
					"texture": "#5"
				}
			}
		},
		{
			"from": [7.25, 5, 13],
			"to": [8, 11, 15],
			"rotation": {
				"angle": 0,
				"axis": "y",
				"origin": [7, 8, 14]
			},
			"faces": {
				"north": {
					"uv": [6.5, 4, 7, 7],
					"texture": "#5"
				},
				"east": {
					"uv": [5, 0, 6, 3],
					"texture": "#5"
				},
				"south": {
					"uv": [7, 4, 7.5, 7],
					"texture": "#5"
				},
				"west": {
					"uv": [5, 3, 6, 6],
					"texture": "#5"
				},
				"up": {
					"uv": [8, 1, 7.5, 0],
					"texture": "#5"
				},
				"down": {
					"uv": [8, 1, 7.5, 2],
					"texture": "#5"
				}
			}
		},
		{
			"from": [7.25, 6, 15],
			"to": [8, 10, 17],
			"rotation": {
				"angle": 0,
				"axis": "y",
				"origin": [7, 8, 16]
			},
			"faces": {
				"north": {
					"uv": [6.5, 7, 7, 9],
					"texture": "#5"
				},
				"east": {
					"uv": [6.5, 0, 7.5, 2],
					"texture": "#5"
				},
				"south": {
					"uv": [7, 7, 7.5, 9],
					"texture": "#5"
				},
				"west": {
					"uv": [6.5, 2, 7.5, 4],
					"texture": "#5"
				},
				"up": {
					"uv": [8, 3, 7.5, 2],
					"texture": "#5"
				},
				"down": {
					"uv": [8, 3, 7.5, 4],
					"texture": "#5"
				}
			}
		}
	]
}