{
	"textures": {
		"2": "animated_java:blueprint/ghost_knight/knight_torso",
		"particle": "minecraft:item/pufferfish"
	},
	"display": {
		"head": {
			"rotation": [0, 180, 0]
		}
	},
	"elements": [
		{
			"from": [3, 5.5, 8.08579],
			"to": [13, 12.5, 11.83579],
			"rotation": {
				"angle": 0,
				"axis": "y",
				"origin": [8, -12.5, 8.08579]
			},
			"faces": {
				"north": {
					"uv": [0, 0, 5, 3.5],
					"texture": "#2"
				},
				"east": {
					"uv": [0, 10, 2, 13.5],
					"texture": "#2"
				},
				"south": {
					"uv": [0, 3.5, 5, 7],
					"texture": "#2"
				},
				"west": {
					"uv": [2, 10, 4, 13.5],
					"texture": "#2"
				},
				"up": {
					"uv": [13.5, 6, 8.5, 4],
					"texture": "#2"
				},
				"down": {
					"uv": [13.5, 6, 8.5, 8],
					"texture": "#2"
				}
			}
		},
		{
			"from": [3.95, 2.15, 6.25],
			"to": [12.05, 4.5, 11.9],
			"rotation": {
				"angle": 0,
				"axis": "y",
				"origin": [8, 2.25, 7]
			},
			"faces": {
				"north": {
					"uv": [4, 11, 8, 12],
					"texture": "#2"
				},
				"east": {
					"uv": [11, 9, 14, 10],
					"texture": "#2"
				},
				"south": {
					"uv": [11, 8, 15, 9],
					"texture": "#2"
				},
				"west": {
					"uv": [11, 10, 14, 11],
					"texture": "#2"
				},
				"up": {
					"uv": [4, 10, 0, 7],
					"texture": "#2"
				},
				"down": {
					"uv": [8, 8, 4, 11],
					"texture": "#2"
				}
			}
		}
	]
}