{
	"textures": {
		"1": "animated_java:blueprint/ghost_knight/knight_waist",
		"particle": "minecraft:item/pufferfish"
	},
	"display": {
		"head": {
			"rotation": [0, 180, 0]
		}
	},
	"elements": [
		{
			"from": [4, 2.5, 6],
			"to": [12, 8, 10],
			"rotation": {
				"angle": 0,
				"axis": "y",
				"origin": [8, -10, 7]
			},
			"faces": {
				"north": {
					"uv": [3.75, 1.25, 5.75, 2.75],
					"texture": "#1"
				},
				"east": {
					"uv": [7.25, 5.25, 8.25, 6.75],
					"texture": "#1"
				},
				"south": {
					"uv": [3.75, 2.75, 5.75, 4.25],
					"texture": "#1"
				},
				"west": {
					"uv": [7.25, 6.75, 8.25, 8.25],
					"texture": "#1"
				},
				"up": {
					"uv": [3, 7.75, 1, 6.75],
					"texture": "#1"
				},
				"down": {
					"uv": [8.75, 2.5, 6.75, 3.5],
					"texture": "#1"
				}
			}
		},
		{
			"from": [6, 2, 5],
			"to": [9, 5, 11],
			"rotation": {
				"angle": 45,
				"axis": "z",
				"origin": [8, 4, 6]
			},
			"faces": {
				"north": {
					"uv": [8.5, 8, 9.25, 8.75],
					"texture": "#1"
				},
				"east": {
					"uv": [8.25, 4.5, 9.75, 5.25],
					"texture": "#1"
				},
				"south": {
					"uv": [8.75, 0, 9.5, 0.75],
					"texture": "#1"
				},
				"west": {
					"uv": [8.25, 5.25, 9.75, 6],
					"texture": "#1"
				},
				"up": {
					"uv": [0.75, 9.75, 0, 8.25],
					"texture": "#1"
				},
				"down": {
					"uv": [9, 6, 8.25, 7.5],
					"texture": "#1"
				}
			}
		},
		{
			"from": [3.11627, 3.17231, 5.4],
			"to": [12.86627, 4.67231, 10.6],
			"rotation": {
				"angle": 0,
				"axis": "y",
				"origin": [10.36627, 3.92231, 8]
			},
			"faces": {
				"north": {
					"uv": [8.25, 3.5, 10.75, 4],
					"texture": "#1"
				},
				"east": {
					"uv": [7.25, 8.25, 8.5, 8.75],
					"texture": "#1"
				},
				"south": {
					"uv": [8.25, 4, 10.75, 4.5],
					"texture": "#1"
				},
				"west": {
					"uv": [8.25, 7.5, 9.5, 8],
					"texture": "#1"
				},
				"up": {
					"uv": [3.75, 4, 1.25, 2.75],
					"texture": "#1"
				},
				"down": {
					"uv": [6.25, 0, 3.75, 1.25],
					"texture": "#1"
				}
			}
		},
		{
			"from": [6, -8, 5.25],
			"to": [10, 3.25, 5.25],
			"rotation": {
				"angle": 0,
				"axis": "y",
				"origin": [8, 0, 5]
			},
			"faces": {
				"north": {
					"uv": [5.25, 4.25, 6.25, 7],
					"texture": "#1"
				},
				"east": {
					"uv": [0, 0, 0, 2.75],
					"texture": "#1"
				},
				"south": {
					"uv": [5.25, 4.25, 6.25, 7],
					"texture": "#1"
				},
				"west": {
					"uv": [0, 0, 0, 2.75],
					"texture": "#1"
				},
				"up": {
					"uv": [1, 0, 0, 0],
					"texture": "#1"
				},
				"down": {
					"uv": [1, 0, 0, 0],
					"texture": "#1"
				}
			}
		}
	]
}