{
	"textures": {
		"4": "animated_java:blueprint/ghost_knight/knight_weapon",
		"particle": "minecraft:item/pufferfish"
	},
	"display": {
		"head": {
			"rotation": [0, 180, 0]
		}
	},
	"elements": [
		{
			"from": [7.78571, 7.67857, -3.57143],
			"to": [8.32143, 8.21429, 14],
			"rotation": {
				"angle": 45,
				"axis": "z",
				"origin": [7.89286, 7.67857, 7.57143]
			},
			"faces": {
				"north": {
					"uv": [3.5, 2.5, 3.75, 2.75],
					"texture": "#4"
				},
				"east": {
					"uv": [0, 0, 10.25, 0.25],
					"texture": "#4"
				},
				"south": {
					"uv": [2.75, 3.5, 3, 3.75],
					"texture": "#4"
				},
				"west": {
					"uv": [0, 0.25, 10.25, 0.5],
					"texture": "#4"
				},
				"up": {
					"uv": [0.25, 10.75, 0, 0.5],
					"texture": "#4"
				},
				"down": {
					"uv": [0.5, 0.5, 0.25, 10.75],
					"texture": "#4"
				}
			}
		},
		{
			"from": [7.57143, 7.46429, -4.42857],
			"to": [8.53571, 8.42857, -3.57143],
			"rotation": {
				"angle": 45,
				"axis": "z",
				"origin": [7.89286, 7.67857, 6.71429]
			},
			"faces": {
				"north": {
					"uv": [2.5, 0.5, 3, 1],
					"texture": "#4"
				},
				"east": {
					"uv": [2.5, 1, 3, 1.5],
					"texture": "#4"
				},
				"south": {
					"uv": [1.5, 2.5, 2, 3],
					"texture": "#4"
				},
				"west": {
					"uv": [2.5, 1.5, 3, 2],
					"texture": "#4"
				},
				"up": {
					"uv": [2.5, 3, 2, 2.5],
					"texture": "#4"
				},
				"down": {
					"uv": [3, 2.5, 2.5, 3],
					"texture": "#4"
				}
			}
		},
		{
			"from": [7.65638, 7.8209, -10],
			"to": [7.97781, 8.14233, -4.42857],
			"rotation": {
				"angle": 0,
				"axis": "y",
				"origin": [7.81709, 7.98162, -4.85714]
			},
			"faces": {
				"north": {
					"uv": [3.5, 2.75, 3.75, 3],
					"texture": "#4"
				},
				"east": {
					"uv": [0.5, 2, 3.75, 2.25],
					"texture": "#4"
				},
				"south": {
					"uv": [3, 3.5, 3.25, 3.75],
					"texture": "#4"
				},
				"west": {
					"uv": [0.5, 2.25, 3.75, 2.5],
					"texture": "#4"
				},
				"up": {
					"uv": [0.75, 5.75, 0.5, 2.5],
					"texture": "#4"
				},
				"down": {
					"uv": [1, 2.5, 0.75, 5.75],
					"texture": "#4"
				}
			}
		},
		{
			"from": [7.76352, 7.28519, -8.5],
			"to": [7.87067, 8.67805, -4.96429],
			"rotation": {
				"angle": 0,
				"axis": "y",
				"origin": [7.81709, 7.98162, -4.85714]
			},
			"faces": {
				"north": {
					"uv": [1.5, 3, 1.75, 3.75],
					"texture": "#4"
				},
				"east": {
					"uv": [0.5, 0.5, 2.5, 1.25],
					"texture": "#4"
				},
				"south": {
					"uv": [1.75, 3, 2, 3.75],
					"texture": "#4"
				},
				"west": {
					"uv": [0.5, 1.25, 2.5, 2],
					"texture": "#4"
				},
				"up": {
					"uv": [1.25, 4.5, 1, 2.5],
					"texture": "#4"
				},
				"down": {
					"uv": [1.5, 2.5, 1.25, 4.5],
					"texture": "#4"
				}
			}
		},
		{
			"from": [7.76352, 7.49948, -9.35714],
			"to": [7.87067, 8.46376, -8.5],
			"rotation": {
				"angle": 0,
				"axis": "y",
				"origin": [7.81709, 7.98162, -4.85714]
			},
			"faces": {
				"north": {
					"uv": [3, 1.5, 3.25, 2],
					"texture": "#4"
				},
				"east": {
					"uv": [3, 0.5, 3.5, 1],
					"texture": "#4"
				},
				"south": {
					"uv": [2, 3, 2.25, 3.5],
					"texture": "#4"
				},
				"west": {
					"uv": [3, 1, 3.5, 1.5],
					"texture": "#4"
				},
				"up": {
					"uv": [2.5, 3.5, 2.25, 3],
					"texture": "#4"
				},
				"down": {
					"uv": [2.75, 3, 2.5, 3.5],
					"texture": "#4"
				}
			}
		},
		{
			"from": [7.76352, 7.49948, -4.96429],
			"to": [7.87067, 8.46376, -4.42857],
			"rotation": {
				"angle": 0,
				"axis": "y",
				"origin": [7.81709, 7.98162, -4.85714]
			},
			"faces": {
				"north": {
					"uv": [3, 2.5, 3.25, 3],
					"texture": "#4"
				},
				"east": {
					"uv": [2.75, 3, 3, 3.5],
					"texture": "#4"
				},
				"south": {
					"uv": [3, 3, 3.25, 3.5],
					"texture": "#4"
				},
				"west": {
					"uv": [3.25, 1.5, 3.5, 2],
					"texture": "#4"
				},
				"up": {
					"uv": [3.75, 3.25, 3.5, 3],
					"texture": "#4"
				},
				"down": {
					"uv": [3.5, 3.5, 3.25, 3.75],
					"texture": "#4"
				}
			}
		},
		{
			"from": [7.65638, 8.14233, -5.60714],
			"to": [7.97781, 9.10662, -5.28571],
			"rotation": {
				"angle": 0,
				"axis": "y",
				"origin": [7.81709, 7.98162, -4.42857]
			},
			"faces": {
				"north": {
					"uv": [3.25, 2.5, 3.5, 3],
					"texture": "#4"
				},
				"east": {
					"uv": [3.25, 3, 3.5, 3.5],
					"texture": "#4"
				},
				"south": {
					"uv": [3.5, 0.5, 3.75, 1],
					"texture": "#4"
				},
				"west": {
					"uv": [3.5, 1, 3.75, 1.5],
					"texture": "#4"
				},
				"up": {
					"uv": [3.75, 3.5, 3.5, 3.25],
					"texture": "#4"
				},
				"down": {
					"uv": [3.75, 3.5, 3.5, 3.75],
					"texture": "#4"
				}
			}
		},
		{
			"from": [7.65638, 6.85662, -5.60714],
			"to": [7.97781, 7.8209, -5.28571],
			"rotation": {
				"angle": 0,
				"axis": "y",
				"origin": [7.81709, 6.6959, -4.42857]
			},
			"faces": {
				"north": {
					"uv": [3.5, 1.5, 3.75, 2],
					"texture": "#4"
				},
				"east": {
					"uv": [2, 3.5, 2.25, 4],
					"texture": "#4"
				},
				"south": {
					"uv": [2.25, 3.5, 2.5, 4],
					"texture": "#4"
				},
				"west": {
					"uv": [2.5, 3.5, 2.75, 4],
					"texture": "#4"
				},
				"up": {
					"uv": [4, 0.75, 3.75, 0.5],
					"texture": "#4"
				},
				"down": {
					"uv": [4, 0.75, 3.75, 1],
					"texture": "#4"
				}
			}
		}
	]
}