{
	"textures": {
		"1": "animated_java:blueprint/mage_hunter/hunter_body",
		"particle": "minecraft:item/pufferfish"
	},
	"display": {
		"head": {
			"rotation": [0, 180, 0]
		}
	},
	"elements": [
		{
			"from": [5, -7, 9],
			"to": [10, 8.5, 9],
			"rotation": {
				"angle": 0,
				"axis": "y",
				"origin": [8, 8, 8]
			},
			"faces": {
				"north": {
					"uv": [0, 0, 1.25, 3.875],
					"texture": "#1"
				},
				"east": {
					"uv": [0, 0, 0, 3.875],
					"texture": "#1"
				},
				"south": {
					"uv": [1.25, 0, 2.5, 3.875],
					"texture": "#1"
				},
				"west": {
					"uv": [0, 0, 0, 3.875],
					"texture": "#1"
				},
				"up": {
					"uv": [1.25, 0, 0, 0],
					"texture": "#1"
				},
				"down": {
					"uv": [1.25, 0, 0, 0],
					"texture": "#1"
				}
			}
		}
	]
}