{
	"textures": {
		"1": "animated_java:blueprint/mage_hunter/hunter_body",
		"particle": "minecraft:item/pufferfish"
	},
	"display": {
		"head": {
			"rotation": [0, 180, 0]
		}
	},
	"elements": [
		{
			"from": [4, 4.75, 6],
			"to": [12, 11.5, 10.1],
			"rotation": {
				"angle": 0,
				"axis": "y",
				"origin": [8, 8, 8]
			},
			"faces": {
				"north": {
					"uv": [5, 0, 7, 1.75],
					"texture": "#1"
				},
				"east": {
					"uv": [9, 3.25, 10, 5],
					"texture": "#1"
				},
				"south": {
					"uv": [5, 1.75, 7, 3.5],
					"texture": "#1"
				},
				"west": {
					"uv": [7.5, 9.25, 8.5, 11],
					"texture": "#1"
				},
				"up": {
					"uv": [10, 2.25, 8, 1.25],
					"texture": "#1"
				},
				"down": {
					"uv": [10, 2.25, 8, 3.25],
					"texture": "#1"
				}
			}
		},
		{
			"from": [7, 7.5, 5.85],
			"to": [9, 12, 5.85],
			"rotation": {
				"angle": 0,
				"axis": "y",
				"origin": [8, 9.5, 4.85]
			},
			"faces": {
				"north": {
					"uv": [9, 13, 9.5, 14.125],
					"texture": "#1"
				},
				"east": {
					"uv": [0, 0, 0, 1.125],
					"texture": "#1"
				},
				"south": {
					"uv": [6.25, 14.25, 6.75, 15.375],
					"texture": "#1"
				},
				"west": {
					"uv": [0, 0, 0, 1.125],
					"texture": "#1"
				},
				"up": {
					"uv": [0.5, 0, 0, 0],
					"texture": "#1"
				},
				"down": {
					"uv": [0.5, 0, 0, 0],
					"texture": "#1"
				}
			}
		}
	]
}