{
	"textures": {
		"0": "animated_java:blueprint/mage_hunter/hunter_head",
		"particle": "minecraft:item/pufferfish"
	},
	"display": {
		"head": {
			"rotation": [0, 180, 0]
		}
	},
	"elements": [
		{
			"from": [4.5, 8, 4.25],
			"to": [11.5, 13, 11.5],
			"rotation": {
				"angle": 0,
				"axis": "y",
				"origin": [8, -16, 7]
			},
			"faces": {
				"north": {
					"uv": [3.5, 6, 5.25, 7.25],
					"texture": "#0"
				},
				"east": {
					"uv": [5.25, 5, 7.125, 6.25],
					"texture": "#0"
				},
				"south": {
					"uv": [6.25, 1.5, 8, 2.75],
					"texture": "#0"
				},
				"west": {
					"uv": [0, 6, 1.875, 7.25],
					"texture": "#0"
				},
				"up": {
					"uv": [1.75, 5.875, 0, 4],
					"texture": "#0"
				},
				"down": {
					"uv": [3.5, 4, 1.75, 5.875],
					"texture": "#0"
				}
			}
		},
		{
			"from": [3.65, 13, 4.25],
			"to": [12.35, 14.25, 12.75],
			"rotation": {
				"angle": 0,
				"axis": "y",
				"origin": [8, 12.25, 8]
			},
			"faces": {
				"north": {
					"uv": [3.5, 8.25, 5.625, 8.625],
					"texture": "#0"
				},
				"east": {
					"uv": [0, 8.25, 1.875, 8.625],
					"texture": "#0"
				},
				"south": {
					"uv": [5.75, 8.25, 7.875, 8.625],
					"texture": "#0"
				},
				"west": {
					"uv": [8.5, 7.25, 10.375, 7.625],
					"texture": "#0"
				},
				"up": {
					"uv": [2.125, 1.875, 0, 0],
					"texture": "#0"
				},
				"down": {
					"uv": [2.125, 2, 0, 3.875],
					"texture": "#0"
				}
			}
		},
		{
			"from": [3.65, 14.25, 4.25],
			"to": [3.65, 17.5, 13.75],
			"rotation": {
				"angle": 0,
				"axis": "y",
				"origin": [7.9, 13.5, 8]
			},
			"faces": {
				"north": {
					"uv": [0, 0, 0, 0.875],
					"texture": "#0"
				},
				"east": {
					"uv": [5.25, 6.25, 7.625, 7.125],
					"texture": "#0"
				},
				"south": {
					"uv": [0, 0, 0, 0.875],
					"texture": "#0"
				},
				"west": {
					"uv": [7.25, 2.75, 9.625, 3.625],
					"texture": "#0"
				},
				"up": {
					"uv": [0, 2.375, 0, 0],
					"texture": "#0"
				},
				"down": {
					"uv": [0, 0, 0, 2.375],
					"texture": "#0"
				}
			}
		},
		{
			"from": [12.35, 14.25, 4.25],
			"to": [12.35, 17.5, 13.75],
			"rotation": {
				"angle": 0,
				"axis": "y",
				"origin": [16.6, 13.5, 8]
			},
			"faces": {
				"north": {
					"uv": [0, 0, 0, 0.875],
					"texture": "#0"
				},
				"east": {
					"uv": [3.5, 7.25, 5.875, 8.125],
					"texture": "#0"
				},
				"south": {
					"uv": [0, 0, 0, 0.875],
					"texture": "#0"
				},
				"west": {
					"uv": [7.25, 3.75, 9.625, 4.625],
					"texture": "#0"
				},
				"up": {
					"uv": [0, 2.375, 0, 0],
					"texture": "#0"
				},
				"down": {
					"uv": [0, 0, 0, 2.375],
					"texture": "#0"
				}
			}
		},
		{
			"from": [7, 13, 0.25],
			"to": [13.1, 14.25, 6.35],
			"rotation": {
				"angle": -45,
				"axis": "y",
				"origin": [8, 12, 1.25]
			},
			"faces": {
				"north": {
					"uv": [8.5, 8.75, 10, 9.125],
					"texture": "#0"
				},
				"east": {
					"uv": [3.5, 9.25, 5, 9.625],
					"texture": "#0"
				},
				"south": {
					"uv": [9.25, 4.75, 10.75, 5.125],
					"texture": "#0"
				},
				"west": {
					"uv": [5, 9.25, 6.5, 9.625],
					"texture": "#0"
				},
				"up": {
					"uv": [7.5, 1.5, 6, 0],
					"texture": "#0"
				},
				"down": {
					"uv": [3.5, 6, 2, 7.5],
					"texture": "#0"
				}
			}
		},
		{
			"from": [9.2, 14.25, 0.35],
			"to": [13.3, 16, 0.35],
			"rotation": {
				"angle": -45,
				"axis": "y",
				"origin": [8.1, 13.25, 1.25]
			},
			"faces": {
				"north": {
					"uv": [4.25, 3.5, 5.25, 4],
					"texture": "#0"
				},
				"east": {
					"uv": [0, 0, 0, 0.5],
					"texture": "#0"
				},
				"south": {
					"uv": [6.25, 2.75, 7.25, 3.25],
					"texture": "#0"
				},
				"west": {
					"uv": [0, 0, 0, 0.5],
					"texture": "#0"
				},
				"up": {
					"uv": [1, 0, 0, 0],
					"texture": "#0"
				},
				"down": {
					"uv": [1, 0, 0, 0],
					"texture": "#0"
				}
			}
		},
		{
			"from": [7, 14.25, 2.35],
			"to": [7, 16, 6.45],
			"rotation": {
				"angle": -45,
				"axis": "y",
				"origin": [7.9, 13.25, 1.25]
			},
			"faces": {
				"north": {
					"uv": [0, 0, 0, 0.5],
					"texture": "#0"
				},
				"east": {
					"uv": [7, 8.75, 8, 9.25],
					"texture": "#0"
				},
				"south": {
					"uv": [0, 0, 0, 0.5],
					"texture": "#0"
				},
				"west": {
					"uv": [9.25, 5.25, 10.25, 5.75],
					"texture": "#0"
				},
				"up": {
					"uv": [0, 1, 0, 0],
					"texture": "#0"
				},
				"down": {
					"uv": [0, 0, 0, 1],
					"texture": "#0"
				}
			}
		},
		{
			"from": [4.5, 14.25, 3.75],
			"to": [11.5, 15.75, 11.75],
			"rotation": {
				"angle": 0,
				"axis": "y",
				"origin": [8, 13.75, 8]
			},
			"faces": {
				"north": {
					"uv": [3.5, 8.75, 5.125, 9.125],
					"texture": "#0"
				},
				"east": {
					"uv": [8.5, 7.75, 10.375, 8.125],
					"texture": "#0"
				},
				"south": {
					"uv": [5.25, 8.75, 6.875, 9.125],
					"texture": "#0"
				},
				"west": {
					"uv": [8.5, 8.25, 10.375, 8.625],
					"texture": "#0"
				},
				"up": {
					"uv": [5.125, 5.875, 3.5, 4],
					"texture": "#0"
				},
				"down": {
					"uv": [5.875, 0, 4.25, 1.875],
					"texture": "#0"
				}
			}
		},
		{
			"from": [10, 7.9, 4],
			"to": [11.75, 13, 4.5],
			"rotation": {
				"angle": 0,
				"axis": "y",
				"origin": [11, 11, 5]
			},
			"faces": {
				"north": {
					"uv": [0, 8.75, 0.5, 10],
					"texture": "#0"
				},
				"east": {
					"uv": [6.5, 9.5, 6.625, 10.75],
					"texture": "#0"
				},
				"south": {
					"uv": [0.5, 8.75, 1, 10],
					"texture": "#0"
				},
				"west": {
					"uv": [6.75, 9.5, 6.875, 10.75],
					"texture": "#0"
				},
				"up": {
					"uv": [6.75, 3.375, 6.25, 3.25],
					"texture": "#0"
				},
				"down": {
					"uv": [7.25, 3.25, 6.75, 3.375],
					"texture": "#0"
				}
			}
		},
		{
			"from": [10, 6.15, 4],
			"to": [11, 7.9, 4.5],
			"rotation": {
				"angle": 0,
				"axis": "y",
				"origin": [11, 10.65, 5]
			},
			"faces": {
				"north": {
					"uv": [9.5, 0.25, 9.875, 0.75],
					"texture": "#0"
				},
				"east": {
					"uv": [6, 1.5, 6.125, 2],
					"texture": "#0"
				},
				"south": {
					"uv": [2, 9.5, 2.375, 10],
					"texture": "#0"
				},
				"west": {
					"uv": [7.5, 9.5, 7.625, 10],
					"texture": "#0"
				},
				"up": {
					"uv": [9.125, 9.625, 8.75, 9.5],
					"texture": "#0"
				},
				"down": {
					"uv": [9.625, 9.5, 9.25, 9.625],
					"texture": "#0"
				}
			}
		},
		{
			"from": [5, 6.15, 4],
			"to": [6, 7.9, 4.5],
			"rotation": {
				"angle": 0,
				"axis": "y",
				"origin": [5, 10.65, 5]
			},
			"faces": {
				"north": {
					"uv": [2.5, 9.5, 2.875, 10],
					"texture": "#0"
				},
				"east": {
					"uv": [7.75, 9.5, 7.875, 10],
					"texture": "#0"
				},
				"south": {
					"uv": [3, 9.5, 3.375, 10],
					"texture": "#0"
				},
				"west": {
					"uv": [8, 9.5, 8.125, 10],
					"texture": "#0"
				},
				"up": {
					"uv": [10.125, 2.875, 9.75, 2.75],
					"texture": "#0"
				},
				"down": {
					"uv": [10.125, 3, 9.75, 3.125],
					"texture": "#0"
				}
			}
		},
		{
			"from": [4.25, 7.9, 4],
			"to": [6, 13, 4.5],
			"rotation": {
				"angle": 0,
				"axis": "y",
				"origin": [5, 11, 5]
			},
			"faces": {
				"north": {
					"uv": [1, 8.75, 1.5, 10],
					"texture": "#0"
				},
				"east": {
					"uv": [7, 9.5, 7.125, 10.75],
					"texture": "#0"
				},
				"south": {
					"uv": [1.5, 8.75, 2, 10],
					"texture": "#0"
				},
				"west": {
					"uv": [7.25, 9.5, 7.375, 10.75],
					"texture": "#0"
				},
				"up": {
					"uv": [10, 0.875, 9.5, 0.75],
					"texture": "#0"
				},
				"down": {
					"uv": [8.75, 9.5, 8.25, 9.625],
					"texture": "#0"
				}
			}
		},
		{
			"from": [4.35, 9, 4.5],
			"to": [11.65, 13, 12.25],
			"rotation": {
				"angle": 0,
				"axis": "y",
				"origin": [8, 8, 8]
			},
			"faces": {
				"north": {
					"uv": [6, 7.25, 7.875, 8.25],
					"texture": "#0"
				},
				"east": {
					"uv": [0, 7.25, 2, 8.25],
					"texture": "#0"
				},
				"south": {
					"uv": [7.5, 0, 9.375, 1],
					"texture": "#0"
				},
				"west": {
					"uv": [7.25, 4.75, 9.25, 5.75],
					"texture": "#0"
				},
				"up": {
					"uv": [4.125, 2, 2.25, 0],
					"texture": "#0"
				},
				"down": {
					"uv": [4.125, 2, 2.25, 4],
					"texture": "#0"
				}
			}
		},
		{
			"from": [4.35, 7.9, 6],
			"to": [11.65, 9, 11.75],
			"rotation": {
				"angle": 0,
				"axis": "y",
				"origin": [8, 7, 8]
			},
			"faces": {
				"north": {
					"uv": [8, 2.5, 9.875, 2.75],
					"texture": "#0"
				},
				"east": {
					"uv": [8.5, 9.25, 10, 9.5],
					"texture": "#0"
				},
				"south": {
					"uv": [6.5, 9.25, 8.375, 9.5],
					"texture": "#0"
				},
				"west": {
					"uv": [9.5, 0, 11, 0.25],
					"texture": "#0"
				},
				"up": {
					"uv": [6.125, 3.5, 4.25, 2],
					"texture": "#0"
				},
				"down": {
					"uv": [7.125, 3.5, 5.25, 5],
					"texture": "#0"
				}
			}
		}
	]
}