{
	"textures": {
		"1": "animated_java:blueprint/mage_hunter/hunter_body",
		"particle": "minecraft:item/pufferfish"
	},
	"display": {
		"head": {
			"rotation": [0, 180, 0]
		}
	},
	"elements": [
		{
			"from": [6, 2, 6],
			"to": [10, 8, 10],
			"rotation": {
				"angle": 0,
				"axis": "y",
				"origin": [10, -4, 7]
			},
			"faces": {
				"north": {
					"uv": [8.5, 10.5, 9.5, 12],
					"texture": "#1"
				},
				"east": {
					"uv": [0, 10.75, 1, 12.25],
					"texture": "#1"
				},
				"south": {
					"uv": [1, 10.75, 2, 12.25],
					"texture": "#1"
				},
				"west": {
					"uv": [10.75, 6.25, 11.75, 7.75],
					"texture": "#1"
				},
				"up": {
					"uv": [14.5, 1, 13.5, 0],
					"texture": "#1"
				},
				"down": {
					"uv": [14.5, 1, 13.5, 2],
					"texture": "#1"
				}
			}
		}
	]
}