{
	"textures": {
		"1": "animated_java:blueprint/mage_hunter/hunter_body",
		"particle": "minecraft:item/pufferfish"
	},
	"display": {
		"head": {
			"rotation": [0, 180, 0]
		}
	},
	"elements": [
		{
			"from": [4.75, 3.5, 6.25],
			"to": [8, 9.5, 9.75],
			"rotation": {
				"angle": 0,
				"axis": "y",
				"origin": [12, -14.5, 7]
			},
			"faces": {
				"north": {
					"uv": [5, 11.5, 5.875, 13],
					"texture": "#1"
				},
				"east": {
					"uv": [6, 11.5, 6.875, 13],
					"texture": "#1"
				},
				"south": {
					"uv": [11.75, 6, 12.625, 7.5],
					"texture": "#1"
				},
				"west": {
					"uv": [11.75, 7.5, 12.625, 9],
					"texture": "#1"
				},
				"up": {
					"uv": [3.875, 15.125, 3, 14.25],
					"texture": "#1"
				},
				"down": {
					"uv": [4.875, 14.25, 4, 15.125],
					"texture": "#1"
				}
			}
		},
		{
			"from": [4, 6.75, 10.5],
			"to": [9.5, 10, 10.5],
			"rotation": {
				"angle": 0,
				"axis": "y",
				"origin": [8, 10, 13]
			},
			"faces": {
				"north": {
					"uv": [12, 3, 13.375, 3.875],
					"texture": "#1"
				},
				"east": {
					"uv": [0, 0, 0, 0.875],
					"texture": "#1"
				},
				"south": {
					"uv": [8, 12, 9.375, 12.875],
					"texture": "#1"
				},
				"west": {
					"uv": [0, 0, 0, 0.875],
					"texture": "#1"
				},
				"up": {
					"uv": [1.375, 0, 0, 0],
					"texture": "#1"
				},
				"down": {
					"uv": [1.375, 0, 0, 0],
					"texture": "#1"
				}
			}
		},
		{
			"from": [4, 8, 5.5],
			"to": [4, 10, 10.5],
			"rotation": {
				"angle": 0,
				"axis": "y",
				"origin": [8, 10, 8]
			},
			"faces": {
				"north": {
					"uv": [0, 0, 0, 0.5],
					"texture": "#1"
				},
				"east": {
					"uv": [14.25, 10.75, 15.5, 11.25],
					"texture": "#1"
				},
				"south": {
					"uv": [0, 0, 0, 0.5],
					"texture": "#1"
				},
				"west": {
					"uv": [14.25, 11.25, 15.5, 11.75],
					"texture": "#1"
				},
				"up": {
					"uv": [0, 1.25, 0, 0],
					"texture": "#1"
				},
				"down": {
					"uv": [0, 0, 0, 1.25],
					"texture": "#1"
				}
			}
		},
		{
			"from": [6, 5.75, 10.25],
			"to": [9.5, 10, 10.25],
			"rotation": {
				"angle": 0,
				"axis": "y",
				"origin": [8, 10, 12.75]
			},
			"faces": {
				"north": {
					"uv": [12.25, 13.75, 13.125, 14.875],
					"texture": "#1"
				},
				"east": {
					"uv": [0, 0, 0, 1.125],
					"texture": "#1"
				},
				"south": {
					"uv": [13.25, 13.75, 14.125, 14.875],
					"texture": "#1"
				},
				"west": {
					"uv": [0, 0, 0, 1.125],
					"texture": "#1"
				},
				"up": {
					"uv": [0.875, 0, 0, 0],
					"texture": "#1"
				},
				"down": {
					"uv": [0.875, 0, 0, 0],
					"texture": "#1"
				}
			}
		},
		{
			"from": [4, 6.75, 5.5],
			"to": [9.5, 10, 5.5],
			"rotation": {
				"angle": 0,
				"axis": "y",
				"origin": [8, 10, 8]
			},
			"faces": {
				"north": {
					"uv": [0, 12.25, 1.375, 13.125],
					"texture": "#1"
				},
				"east": {
					"uv": [0, 0, 0, 0.875],
					"texture": "#1"
				},
				"south": {
					"uv": [12.25, 4, 13.625, 4.875],
					"texture": "#1"
				},
				"west": {
					"uv": [0, 0, 0, 0.875],
					"texture": "#1"
				},
				"up": {
					"uv": [1.375, 0, 0, 0],
					"texture": "#1"
				},
				"down": {
					"uv": [1.375, 0, 0, 0],
					"texture": "#1"
				}
			}
		},
		{
			"from": [4, 10, 5.5],
			"to": [9, 10, 10.5],
			"rotation": {
				"angle": 0,
				"axis": "y",
				"origin": [8, 10, 8]
			},
			"faces": {
				"north": {
					"uv": [0, 0, 1.25, 0],
					"texture": "#1"
				},
				"east": {
					"uv": [0, 0, 1.25, 0],
					"texture": "#1"
				},
				"south": {
					"uv": [0, 0, 1.25, 0],
					"texture": "#1"
				},
				"west": {
					"uv": [0, 0, 1.25, 0],
					"texture": "#1"
				},
				"up": {
					"uv": [2.5, 10.75, 1.25, 9.5],
					"texture": "#1"
				},
				"down": {
					"uv": [10.75, 7, 9.5, 8.25],
					"texture": "#1"
				}
			}
		},
		{
			"from": [6, 5.75, 5.75],
			"to": [9.5, 10, 5.75],
			"rotation": {
				"angle": 0,
				"axis": "y",
				"origin": [8, 10, 8.25]
			},
			"faces": {
				"north": {
					"uv": [1, 14, 1.875, 15.125],
					"texture": "#1"
				},
				"east": {
					"uv": [0, 0, 0, 1.125],
					"texture": "#1"
				},
				"south": {
					"uv": [2, 14, 2.875, 15.125],
					"texture": "#1"
				},
				"west": {
					"uv": [0, 0, 0, 1.125],
					"texture": "#1"
				},
				"up": {
					"uv": [0.875, 0, 0, 0],
					"texture": "#1"
				},
				"down": {
					"uv": [0.875, 0, 0, 0],
					"texture": "#1"
				}
			}
		},
		{
			"from": [4.5, 5.5, 6.5],
			"to": [4.75, 6.5, 9.5],
			"rotation": {
				"angle": 0,
				"axis": "y",
				"origin": [3.75, 5.5, 8]
			},
			"faces": {
				"north": {
					"uv": [7, 6.5, 7.125, 6.75],
					"texture": "#1"
				},
				"east": {
					"uv": [14.5, 1, 15.25, 1.25],
					"texture": "#1"
				},
				"south": {
					"uv": [7.25, 6.5, 7.375, 6.75],
					"texture": "#1"
				},
				"west": {
					"uv": [14.5, 1.25, 15.25, 1.5],
					"texture": "#1"
				},
				"up": {
					"uv": [7.375, 6.5, 7.25, 5.75],
					"texture": "#1"
				},
				"down": {
					"uv": [2.375, 8, 2.25, 8.75],
					"texture": "#1"
				}
			}
		}
	]
}