{
	"textures": {
		"1": "animated_java:blueprint/mage_hunter/hunter_body",
		"particle": "minecraft:item/pufferfish"
	},
	"display": {
		"head": {
			"rotation": [0, 180, 0]
		}
	},
	"elements": [
		{
			"from": [7, 2, 6.5],
			"to": [10, 4, 9.5],
			"rotation": {
				"angle": 0,
				"axis": "y",
				"origin": [14, -10, 7]
			},
			"faces": {
				"north": {
					"uv": [12.75, 6.25, 13.5, 7.75],
					"texture": "#1"
				},
				"east": {
					"uv": [12.75, 7.75, 13.5, 9.25],
					"texture": "#1"
				},
				"south": {
					"uv": [12.75, 9.25, 13.5, 10.75],
					"texture": "#1"
				},
				"west": {
					"uv": [9.5, 12.75, 10.25, 14.25],
					"texture": "#1"
				},
				"up": {
					"uv": [15, 12.5, 14.25, 11.75],
					"texture": "#1"
				},
				"down": {
					"uv": [15, 12.5, 14.25, 13.25],
					"texture": "#1"
				}
			}
		},
		{
			"from": [6.5, 3.5, 6],
			"to": [10.25, 8, 10],
			"rotation": {
				"angle": 0,
				"axis": "y",
				"origin": [14, -10, 7]
			},
			"faces": {
				"north": {
					"uv": [3.75, 13, 4.75, 14.125],
					"texture": "#1"
				},
				"east": {
					"uv": [4.75, 13, 5.75, 14.125],
					"texture": "#1"
				},
				"south": {
					"uv": [5.75, 13, 6.75, 14.125],
					"texture": "#1"
				},
				"west": {
					"uv": [8, 13, 9, 14.125],
					"texture": "#1"
				},
				"up": {
					"uv": [14.5, 9.25, 13.5, 8.25],
					"texture": "#1"
				},
				"down": {
					"uv": [14.5, 9.25, 13.5, 10.25],
					"texture": "#1"
				}
			}
		}
	]
}