{
	"textures": {
		"1": "animated_java:blueprint/mage_hunter/hunter_body",
		"particle": "minecraft:item/pufferfish"
	},
	"display": {
		"head": {
			"rotation": [0, 180, 0]
		}
	},
	"elements": [
		{
			"from": [3.87377, -3.0499, 5.525],
			"to": [3.87377, 9.2001, 10.275],
			"rotation": {
				"angle": -22.5,
				"axis": "z",
				"origin": [4.74877, 2.5751, 8]
			},
			"faces": {
				"north": {
					"uv": [0, 0, 0, 3.125],
					"texture": "#1"
				},
				"east": {
					"uv": [3.75, 0, 5, 3.125],
					"texture": "#1"
				},
				"south": {
					"uv": [0, 0, 0, 3.125],
					"texture": "#1"
				},
				"west": {
					"uv": [3.75, 3.25, 5, 6.375],
					"texture": "#1"
				},
				"up": {
					"uv": [0, 1.25, 0, 0],
					"texture": "#1"
				},
				"down": {
					"uv": [0, 0, 0, 1.25],
					"texture": "#1"
				}
			}
		},
		{
			"from": [3.87377, -3.0499, 5.525],
			"to": [7.37377, 9.2001, 5.525],
			"rotation": {
				"angle": -22.5,
				"axis": "z",
				"origin": [4.74877, 2.5751, 7.75]
			},
			"faces": {
				"north": {
					"uv": [4.5, 6.75, 5.375, 9.875],
					"texture": "#1"
				},
				"east": {
					"uv": [0, 0, 0, 3.125],
					"texture": "#1"
				},
				"south": {
					"uv": [5.5, 6.75, 6.375, 9.875],
					"texture": "#1"
				},
				"west": {
					"uv": [0, 0, 0, 3.125],
					"texture": "#1"
				},
				"up": {
					"uv": [0.875, 0, 0, 0],
					"texture": "#1"
				},
				"down": {
					"uv": [0.875, 0, 0, 0],
					"texture": "#1"
				}
			}
		},
		{
			"from": [3.87377, -3.0499, 10.275],
			"to": [7.37377, 9.2001, 10.275],
			"rotation": {
				"angle": -22.5,
				"axis": "z",
				"origin": [4.74877, 2.5751, 12.5]
			},
			"faces": {
				"north": {
					"uv": [6.5, 6.75, 7.375, 9.875],
					"texture": "#1"
				},
				"east": {
					"uv": [0, 0, 0, 3.125],
					"texture": "#1"
				},
				"south": {
					"uv": [7, 0, 7.875, 3.125],
					"texture": "#1"
				},
				"west": {
					"uv": [0, 0, 0, 3.125],
					"texture": "#1"
				},
				"up": {
					"uv": [0.875, 0, 0, 0],
					"texture": "#1"
				},
				"down": {
					"uv": [0.875, 0, 0, 0],
					"texture": "#1"
				}
			}
		},
		{
			"from": [4.62377, 3.7001, 5.775],
			"to": [8.12377, 8.9501, 5.775],
			"rotation": {
				"angle": -22.5,
				"axis": "z",
				"origin": [5.24877, 2.5751, 8]
			},
			"faces": {
				"north": {
					"uv": [3, 11, 3.875, 12.5],
					"texture": "#1"
				},
				"east": {
					"uv": [0, 0, 0, 1.5],
					"texture": "#1"
				},
				"south": {
					"uv": [11, 3, 11.875, 4.5],
					"texture": "#1"
				},
				"west": {
					"uv": [0, 0, 0, 1.5],
					"texture": "#1"
				},
				"up": {
					"uv": [0.875, 0, 0, 0],
					"texture": "#1"
				},
				"down": {
					"uv": [0.875, 0, 0, 0],
					"texture": "#1"
				}
			}
		}
	]
}