{
	"textures": {
		"1": "animated_java:blueprint/mage_hunter/hunter_body",
		"particle": "minecraft:item/pufferfish"
	},
	"display": {
		"head": {
			"rotation": [0, 180, 0]
		}
	},
	"elements": [
		{
			"from": [6, 2, 6],
			"to": [10, 8, 10],
			"rotation": {
				"angle": 0,
				"axis": "y",
				"origin": [10, 2, 7]
			},
			"faces": {
				"north": {
					"uv": [10.75, 7.75, 11.75, 9.25],
					"texture": "#1"
				},
				"east": {
					"uv": [10.75, 9.25, 11.75, 10.75],
					"texture": "#1"
				},
				"south": {
					"uv": [10.75, 10.75, 11.75, 12.25],
					"texture": "#1"
				},
				"west": {
					"uv": [11, 0, 12, 1.5],
					"texture": "#1"
				},
				"up": {
					"uv": [14.5, 3, 13.5, 2],
					"texture": "#1"
				},
				"down": {
					"uv": [14.5, 3, 13.5, 4],
					"texture": "#1"
				}
			}
		}
	]
}