{
	"textures": {
		"1": "animated_java:blueprint/mage_hunter/hunter_body",
		"particle": "minecraft:item/pufferfish"
	},
	"display": {
		"head": {
			"rotation": [0, 180, 0]
		}
	},
	"elements": [
		{
			"from": [6, 2, 6],
			"to": [10, 8, 10],
			"rotation": {
				"angle": 0,
				"axis": "y",
				"origin": [6, 1, 7]
			},
			"faces": {
				"north": {
					"uv": [10, 3, 11, 4.5],
					"texture": "#1"
				},
				"east": {
					"uv": [4, 10, 5, 11.5],
					"texture": "#1"
				},
				"south": {
					"uv": [5, 10, 6, 11.5],
					"texture": "#1"
				},
				"west": {
					"uv": [6, 10, 7, 11.5],
					"texture": "#1"
				},
				"up": {
					"uv": [14.25, 12.75, 13.25, 11.75],
					"texture": "#1"
				},
				"down": {
					"uv": [14.25, 12.75, 13.25, 13.75],
					"texture": "#1"
				}
			}
		}
	]
}