{
	"textures": {
		"0": "animated_java:blueprint/mage_hunter/hunter_head",
		"particle": "minecraft:item/pufferfish"
	},
	"display": {
		"head": {
			"rotation": [0, 180, 0]
		}
	},
	"elements": [
		{
			"from": [7, 0.5, 7.5],
			"to": [9, 8.5, 9.5],
			"rotation": {
				"angle": 0,
				"axis": "y",
				"origin": [8, 6.5, 8.5]
			},
			"faces": {
				"north": {
					"uv": [2, 7.5, 2.5, 9.5],
					"texture": "#0"
				},
				"east": {
					"uv": [2.5, 7.5, 3, 9.5],
					"texture": "#0"
				},
				"south": {
					"uv": [3, 7.5, 3.5, 9.5],
					"texture": "#0"
				},
				"west": {
					"uv": [8, 7.25, 8.5, 9.25],
					"texture": "#0"
				},
				"up": {
					"uv": [7.75, 6.25, 7.25, 5.75],
					"texture": "#0"
				},
				"down": {
					"uv": [8, 1, 7.5, 1.5],
					"texture": "#0"
				}
			}
		}
	]
}