{
	"textures": {
		"1": "animated_java:blueprint/mage_hunter/hunter_body",
		"particle": "minecraft:item/pufferfish"
	},
	"display": {
		"head": {
			"rotation": [0, 180, 0]
		}
	},
	"elements": [
		{
			"from": [8, 3.5, 6.25],
			"to": [11.25, 9.5, 9.75],
			"rotation": {
				"angle": 0,
				"axis": "y",
				"origin": [4, -14.5, 7]
			},
			"faces": {
				"north": {
					"uv": [7, 11, 7.875, 12.5],
					"texture": "#1"
				},
				"east": {
					"uv": [11.25, 4.5, 12.125, 6],
					"texture": "#1"
				},
				"south": {
					"uv": [9.5, 11.25, 10.375, 12.75],
					"texture": "#1"
				},
				"west": {
					"uv": [4, 11.5, 4.875, 13],
					"texture": "#1"
				},
				"up": {
					"uv": [14.625, 6.125, 13.75, 5.25],
					"texture": "#1"
				},
				"down": {
					"uv": [0.875, 14.25, 0, 15.125],
					"texture": "#1"
				}
			}
		},
		{
			"from": [11.25, 5.5, 6.5],
			"to": [11.5, 6.5, 9.5],
			"rotation": {
				"angle": 0,
				"axis": "y",
				"origin": [12.25, 5.5, 8]
			},
			"faces": {
				"north": {
					"uv": [4.5, 6.5, 4.625, 6.75],
					"texture": "#1"
				},
				"east": {
					"uv": [3, 14, 3.75, 14.25],
					"texture": "#1"
				},
				"south": {
					"uv": [4.75, 6.5, 4.875, 6.75],
					"texture": "#1"
				},
				"west": {
					"uv": [14.5, 0.75, 15.25, 1],
					"texture": "#1"
				},
				"up": {
					"uv": [7.125, 6.5, 7, 5.75],
					"texture": "#1"
				},
				"down": {
					"uv": [2.375, 7.25, 2.25, 8],
					"texture": "#1"
				}
			}
		},
		{
			"from": [7, 10, 5.5],
			"to": [12, 10, 10.5],
			"rotation": {
				"angle": 0,
				"axis": "y",
				"origin": [8, 10, 8]
			},
			"faces": {
				"north": {
					"uv": [0, 0, 1.25, 0],
					"texture": "#1"
				},
				"east": {
					"uv": [0, 0, 1.25, 0],
					"texture": "#1"
				},
				"south": {
					"uv": [0, 0, 1.25, 0],
					"texture": "#1"
				},
				"west": {
					"uv": [0, 0, 1.25, 0],
					"texture": "#1"
				},
				"up": {
					"uv": [9.75, 10.5, 8.5, 9.25],
					"texture": "#1"
				},
				"down": {
					"uv": [1.25, 9.5, 0, 10.75],
					"texture": "#1"
				}
			}
		},
		{
			"from": [6.5, 6.75, 5.5],
			"to": [12, 10, 5.5],
			"rotation": {
				"angle": 0,
				"axis": "y",
				"origin": [8, 10, 8]
			},
			"faces": {
				"north": {
					"uv": [11.75, 11.5, 13.125, 12.375],
					"texture": "#1"
				},
				"east": {
					"uv": [0, 0, 0, 0.875],
					"texture": "#1"
				},
				"south": {
					"uv": [12, 0, 13.375, 0.875],
					"texture": "#1"
				},
				"west": {
					"uv": [0, 0, 0, 0.875],
					"texture": "#1"
				},
				"up": {
					"uv": [1.375, 0, 0, 0],
					"texture": "#1"
				},
				"down": {
					"uv": [1.375, 0, 0, 0],
					"texture": "#1"
				}
			}
		},
		{
			"from": [6.5, 5.75, 5.75],
			"to": [10, 10, 5.75],
			"rotation": {
				"angle": 0,
				"axis": "y",
				"origin": [8, 10, 8.25]
			},
			"faces": {
				"north": {
					"uv": [13.75, 4, 14.625, 5.125],
					"texture": "#1"
				},
				"east": {
					"uv": [0, 0, 0, 1.125],
					"texture": "#1"
				},
				"south": {
					"uv": [6.75, 13.75, 7.625, 14.875],
					"texture": "#1"
				},
				"west": {
					"uv": [0, 0, 0, 1.125],
					"texture": "#1"
				},
				"up": {
					"uv": [0.875, 0, 0, 0],
					"texture": "#1"
				},
				"down": {
					"uv": [0.875, 0, 0, 0],
					"texture": "#1"
				}
			}
		},
		{
			"from": [6.5, 5.75, 10.25],
			"to": [10, 10, 10.25],
			"rotation": {
				"angle": 0,
				"axis": "y",
				"origin": [8, 10, 12.75]
			},
			"faces": {
				"north": {
					"uv": [10.25, 13.75, 11.125, 14.875],
					"texture": "#1"
				},
				"east": {
					"uv": [0, 0, 0, 1.125],
					"texture": "#1"
				},
				"south": {
					"uv": [11.25, 13.75, 12.125, 14.875],
					"texture": "#1"
				},
				"west": {
					"uv": [0, 0, 0, 1.125],
					"texture": "#1"
				},
				"up": {
					"uv": [0.875, 0, 0, 0],
					"texture": "#1"
				},
				"down": {
					"uv": [0.875, 0, 0, 0],
					"texture": "#1"
				}
			}
		},
		{
			"from": [6.5, 6.75, 10.5],
			"to": [12, 10, 10.5],
			"rotation": {
				"angle": 0,
				"axis": "y",
				"origin": [8, 10, 13]
			},
			"faces": {
				"north": {
					"uv": [12, 1, 13.375, 1.875],
					"texture": "#1"
				},
				"east": {
					"uv": [0, 0, 0, 0.875],
					"texture": "#1"
				},
				"south": {
					"uv": [12, 2, 13.375, 2.875],
					"texture": "#1"
				},
				"west": {
					"uv": [0, 0, 0, 0.875],
					"texture": "#1"
				},
				"up": {
					"uv": [1.375, 0, 0, 0],
					"texture": "#1"
				},
				"down": {
					"uv": [1.375, 0, 0, 0],
					"texture": "#1"
				}
			}
		},
		{
			"from": [12, 8, 5.5],
			"to": [12, 10, 10.5],
			"rotation": {
				"angle": 0,
				"axis": "y",
				"origin": [8, 10, 8]
			},
			"faces": {
				"north": {
					"uv": [0, 0, 0, 0.5],
					"texture": "#1"
				},
				"east": {
					"uv": [10, 4.5, 11.25, 5],
					"texture": "#1"
				},
				"south": {
					"uv": [0, 0, 0, 0.5],
					"texture": "#1"
				},
				"west": {
					"uv": [5, 14.25, 6.25, 14.75],
					"texture": "#1"
				},
				"up": {
					"uv": [0, 1.25, 0, 0],
					"texture": "#1"
				},
				"down": {
					"uv": [0, 0, 0, 1.25],
					"texture": "#1"
				}
			}
		}
	]
}