{
	"textures": {
		"1": "animated_java:blueprint/mage_hunter/hunter_body",
		"particle": "minecraft:item/pufferfish"
	},
	"display": {
		"head": {
			"rotation": [0, 180, 0]
		}
	},
	"elements": [
		{
			"from": [11.14993, -3.26634, 5.525],
			"to": [11.14993, 8.98366, 10.275],
			"rotation": {
				"angle": 22.5,
				"axis": "z",
				"origin": [10.27493, 2.35866, 8]
			},
			"faces": {
				"north": {
					"uv": [0, 0, 0, 3.125],
					"texture": "#1"
				},
				"east": {
					"uv": [2.5, 0, 3.75, 3.125],
					"texture": "#1"
				},
				"south": {
					"uv": [0, 0, 0, 3.125],
					"texture": "#1"
				},
				"west": {
					"uv": [2.5, 3.25, 3.75, 6.375],
					"texture": "#1"
				},
				"up": {
					"uv": [0, 1.25, 0, 0],
					"texture": "#1"
				},
				"down": {
					"uv": [0, 0, 0, 1.25],
					"texture": "#1"
				}
			}
		},
		{
			"from": [7.64993, -3.26634, 5.525],
			"to": [11.14993, 8.98366, 5.525],
			"rotation": {
				"angle": 22.5,
				"axis": "z",
				"origin": [10.27493, 2.35866, 7.75]
			},
			"faces": {
				"north": {
					"uv": [5, 3.5, 5.875, 6.625],
					"texture": "#1"
				},
				"east": {
					"uv": [0, 0, 0, 3.125],
					"texture": "#1"
				},
				"south": {
					"uv": [6, 3.5, 6.875, 6.625],
					"texture": "#1"
				},
				"west": {
					"uv": [0, 0, 0, 3.125],
					"texture": "#1"
				},
				"up": {
					"uv": [0.875, 0, 0, 0],
					"texture": "#1"
				},
				"down": {
					"uv": [0.875, 0, 0, 0],
					"texture": "#1"
				}
			}
		},
		{
			"from": [6.89993, 3.48366, 5.675],
			"to": [10.39993, 8.73366, 5.675],
			"rotation": {
				"angle": 22.5,
				"axis": "z",
				"origin": [9.77493, 2.35866, 7.9]
			},
			"faces": {
				"north": {
					"uv": [11, 1.5, 11.875, 3],
					"texture": "#1"
				},
				"east": {
					"uv": [0, 0, 0, 1.5],
					"texture": "#1"
				},
				"south": {
					"uv": [2, 11, 2.875, 12.5],
					"texture": "#1"
				},
				"west": {
					"uv": [0, 0, 0, 1.5],
					"texture": "#1"
				},
				"up": {
					"uv": [0.875, 0, 0, 0],
					"texture": "#1"
				},
				"down": {
					"uv": [0.875, 0, 0, 0],
					"texture": "#1"
				}
			}
		},
		{
			"from": [7.64993, -3.26634, 10.275],
			"to": [11.14993, 8.98366, 10.275],
			"rotation": {
				"angle": 22.5,
				"axis": "z",
				"origin": [10.27493, 2.35866, 12.5]
			},
			"faces": {
				"north": {
					"uv": [2.5, 6.5, 3.375, 9.625],
					"texture": "#1"
				},
				"east": {
					"uv": [0, 0, 0, 3.125],
					"texture": "#1"
				},
				"south": {
					"uv": [3.5, 6.5, 4.375, 9.625],
					"texture": "#1"
				},
				"west": {
					"uv": [0, 0, 0, 3.125],
					"texture": "#1"
				},
				"up": {
					"uv": [0.875, 0, 0, 0],
					"texture": "#1"
				},
				"down": {
					"uv": [0.875, 0, 0, 0],
					"texture": "#1"
				}
			}
		}
	]
}