{
	"textures": {
		"1": "animated_java:blueprint/mage_hunter/hunter_body",
		"particle": "minecraft:item/pufferfish"
	},
	"display": {
		"head": {
			"rotation": [0, 180, 0]
		}
	},
	"elements": [
		{
			"from": [6, 2, 6],
			"to": [10, 8, 10],
			"rotation": {
				"angle": 0,
				"axis": "y",
				"origin": [6, -5, 7]
			},
			"faces": {
				"north": {
					"uv": [9.75, 8.25, 10.75, 9.75],
					"texture": "#1"
				},
				"east": {
					"uv": [9.75, 9.75, 10.75, 11.25],
					"texture": "#1"
				},
				"south": {
					"uv": [10, 0, 11, 1.5],
					"texture": "#1"
				},
				"west": {
					"uv": [10, 1.5, 11, 3],
					"texture": "#1"
				},
				"up": {
					"uv": [1, 14.25, 0, 13.25],
					"texture": "#1"
				},
				"down": {
					"uv": [14.25, 10.75, 13.25, 11.75],
					"texture": "#1"
				}
			}
		}
	]
}