{
	"textures": {
		"1": "animated_java:blueprint/mage_hunter/hunter_body",
		"particle": "minecraft:item/pufferfish"
	},
	"display": {
		"head": {
			"rotation": [0, 180, 0]
		}
	},
	"elements": [
		{
			"from": [6, 2, 6.5],
			"to": [9, 4, 9.5],
			"rotation": {
				"angle": 0,
				"axis": "y",
				"origin": [2, -10, 7]
			},
			"faces": {
				"north": {
					"uv": [10.5, 12.25, 11.25, 13.75],
					"texture": "#1"
				},
				"east": {
					"uv": [1.5, 12.5, 2.25, 14],
					"texture": "#1"
				},
				"south": {
					"uv": [2.25, 12.5, 3, 14],
					"texture": "#1"
				},
				"west": {
					"uv": [3, 12.5, 3.75, 14],
					"texture": "#1"
				},
				"up": {
					"uv": [9.75, 5.75, 9, 5],
					"texture": "#1"
				},
				"down": {
					"uv": [10.5, 6.25, 9.75, 7],
					"texture": "#1"
				}
			}
		},
		{
			"from": [5.75, 3.5, 6],
			"to": [9.5, 8, 10],
			"rotation": {
				"angle": 0,
				"axis": "y",
				"origin": [2, -10, 7]
			},
			"faces": {
				"north": {
					"uv": [7, 12.5, 8, 13.625],
					"texture": "#1"
				},
				"east": {
					"uv": [11.25, 12.5, 12.25, 13.625],
					"texture": "#1"
				},
				"south": {
					"uv": [12.25, 12.5, 13.25, 13.625],
					"texture": "#1"
				},
				"west": {
					"uv": [12.75, 5, 13.75, 6.125],
					"texture": "#1"
				},
				"up": {
					"uv": [14.5, 7.25, 13.5, 6.25],
					"texture": "#1"
				},
				"down": {
					"uv": [14.5, 7.25, 13.5, 8.25],
					"texture": "#1"
				}
			}
		}
	]
}