{
	"textures": {
		"2": "animated_java:blueprint/mage_hunter/saber",
		"particle": "minecraft:item/pufferfish"
	},
	"display": {
		"head": {
			"rotation": [0, 180, 0]
		}
	},
	"elements": [
		{
			"from": [7.63636, 5.45034, 8.11117],
			"to": [8.36364, 9.81398, 8.83844],
			"rotation": {
				"angle": 0,
				"axis": "y",
				"origin": [7.27273, 8.35943, 7.74753]
			},
			"faces": {
				"north": {
					"uv": [3, 0, 3.5, 3],
					"texture": "#2"
				},
				"east": {
					"uv": [3, 3, 3.5, 6],
					"texture": "#2"
				},
				"south": {
					"uv": [3.5, 0, 4, 3],
					"texture": "#2"
				},
				"west": {
					"uv": [3.5, 3, 4, 6],
					"texture": "#2"
				},
				"up": {
					"uv": [6, 4, 5.5, 3.5],
					"texture": "#2"
				},
				"down": {
					"uv": [4, 7.5, 3.5, 8],
					"texture": "#2"
				}
			}
		},
		{
			"from": [7.70909, 6.25034, 5.7839],
			"to": [8.29091, 9.15943, 6.29299],
			"rotation": {
				"angle": 0,
				"axis": "y",
				"origin": [7.27273, 7.70489, 5.34753]
			},
			"faces": {
				"north": {
					"uv": [5, 0, 5.5, 2],
					"texture": "#2"
				},
				"east": {
					"uv": [4, 6, 4.25, 8],
					"texture": "#2"
				},
				"south": {
					"uv": [5, 2, 5.5, 4],
					"texture": "#2"
				},
				"west": {
					"uv": [4.5, 6, 4.75, 8],
					"texture": "#2"
				},
				"up": {
					"uv": [5.5, 8.25, 5, 8],
					"texture": "#2"
				},
				"down": {
					"uv": [8.5, 5, 8, 5.25],
					"texture": "#2"
				}
			}
		},
		{
			"from": [7.70909, 5.23216, 6.36572],
			"to": [8.29091, 5.95943, 6.87481],
			"rotation": {
				"angle": 0,
				"axis": "y",
				"origin": [7.27273, 4.50489, 5.92935]
			},
			"faces": {
				"north": {
					"uv": [7.5, 4, 8, 4.5],
					"texture": "#2"
				},
				"east": {
					"uv": [5.5, 8, 5.75, 8.5],
					"texture": "#2"
				},
				"south": {
					"uv": [7.5, 4.5, 8, 5],
					"texture": "#2"
				},
				"west": {
					"uv": [8, 5.5, 8.25, 6],
					"texture": "#2"
				},
				"up": {
					"uv": [6.5, 8.25, 6, 8],
					"texture": "#2"
				},
				"down": {
					"uv": [8.5, 6, 8, 6.25],
					"texture": "#2"
				}
			}
		},
		{
			"from": [7.27273, 9.81398, 7.3839],
			"to": [8.72727, 10.35943, 9.3839],
			"rotation": {
				"angle": 0,
				"axis": "y",
				"origin": [7.27273, 9.81398, 7.74753]
			},
			"faces": {
				"north": {
					"uv": [6, 4.5, 7, 5],
					"texture": "#2"
				},
				"east": {
					"uv": [5.5, 1.5, 7, 2],
					"texture": "#2"
				},
				"south": {
					"uv": [6, 5, 7, 5.5],
					"texture": "#2"
				},
				"west": {
					"uv": [5.5, 2, 7, 2.5],
					"texture": "#2"
				},
				"up": {
					"uv": [5, 1.5, 4, 0],
					"texture": "#2"
				},
				"down": {
					"uv": [5, 1.5, 4, 3],
					"texture": "#2"
				}
			}
		},
		{
			"from": [7.45455, 9.81398, 8.83844],
			"to": [8.54545, 10.35943, 10.65663],
			"rotation": {
				"angle": -22.5,
				"axis": "x",
				"origin": [7.27273, 9.81398, 9.20208]
			},
			"faces": {
				"north": {
					"uv": [6.5, 1, 7.25, 1.5],
					"texture": "#2"
				},
				"east": {
					"uv": [5.5, 2.5, 6.75, 3],
					"texture": "#2"
				},
				"south": {
					"uv": [6.5, 5.5, 7.25, 6],
					"texture": "#2"
				},
				"west": {
					"uv": [5.5, 3, 6.75, 3.5],
					"texture": "#2"
				},
				"up": {
					"uv": [5.75, 5.25, 5, 4],
					"texture": "#2"
				},
				"down": {
					"uv": [6.25, 0, 5.5, 1.25],
					"texture": "#2"
				}
			}
		},
		{
			"from": [7.63636, 10.65034, 10.29299],
			"to": [8.36364, 11.01398, 12.11117],
			"rotation": {
				"angle": -45,
				"axis": "x",
				"origin": [7.27273, 10.46852, 10.65663]
			},
			"faces": {
				"north": {
					"uv": [6.5, 8, 7, 8.25],
					"texture": "#2"
				},
				"east": {
					"uv": [7.5, 3, 8.75, 3.25],
					"texture": "#2"
				},
				"south": {
					"uv": [8, 6.5, 8.5, 6.75],
					"texture": "#2"
				},
				"west": {
					"uv": [7.5, 3.5, 8.75, 3.75],
					"texture": "#2"
				},
				"up": {
					"uv": [5.5, 6.75, 5, 5.5],
					"texture": "#2"
				},
				"down": {
					"uv": [6, 5.5, 5.5, 6.75],
					"texture": "#2"
				}
			}
		},
		{
			"from": [7.56364, 9.45034, 6.54753],
			"to": [8.43636, 9.9958, 7.60208],
			"rotation": {
				"angle": -22.5,
				"axis": "x",
				"origin": [8, 9.72307, 6.56572]
			},
			"faces": {
				"north": {
					"uv": [5, 7.5, 5.5, 8],
					"texture": "#2"
				},
				"east": {
					"uv": [6, 6.5, 6.75, 7],
					"texture": "#2"
				},
				"south": {
					"uv": [5.5, 7.5, 6, 8],
					"texture": "#2"
				},
				"west": {
					"uv": [6.5, 6, 7.25, 6.5],
					"texture": "#2"
				},
				"up": {
					"uv": [7.5, 0.75, 7, 0],
					"texture": "#2"
				},
				"down": {
					"uv": [7.5, 1.5, 7, 2.25],
					"texture": "#2"
				}
			}
		},
		{
			"from": [7.63636, 8.75943, 5.92935],
			"to": [8.36364, 9.30489, 6.9839],
			"rotation": {
				"angle": -45,
				"axis": "x",
				"origin": [8, 9.03216, 5.94753]
			},
			"faces": {
				"north": {
					"uv": [7.5, 5.5, 8, 6],
					"texture": "#2"
				},
				"east": {
					"uv": [7, 2.5, 7.75, 3],
					"texture": "#2"
				},
				"south": {
					"uv": [7.5, 6, 8, 6.5],
					"texture": "#2"
				},
				"west": {
					"uv": [3, 7, 3.75, 7.5],
					"texture": "#2"
				},
				"up": {
					"uv": [7.5, 3.75, 7, 3],
					"texture": "#2"
				},
				"down": {
					"uv": [7.5, 4, 7, 4.75],
					"texture": "#2"
				}
			}
		},
		{
			"from": [7.63636, 5.84668, 5.78024],
			"to": [8.36364, 6.39214, 6.83479],
			"rotation": {
				"angle": 45,
				"axis": "x",
				"origin": [8, 6.11941, 6.30751]
			},
			"faces": {
				"north": {
					"uv": [7, 7.5, 7.5, 8],
					"texture": "#2"
				},
				"east": {
					"uv": [5, 7, 5.75, 7.5],
					"texture": "#2"
				},
				"south": {
					"uv": [7.5, 7.5, 8, 8],
					"texture": "#2"
				},
				"west": {
					"uv": [7, 5, 7.75, 5.5],
					"texture": "#2"
				},
				"up": {
					"uv": [6.5, 7.75, 6, 7],
					"texture": "#2"
				},
				"down": {
					"uv": [7, 7, 6.5, 7.75],
					"texture": "#2"
				}
			}
		},
		{
			"from": [7.41818, 4.72307, 7.89299],
			"to": [8.58182, 5.45034, 9.05663],
			"rotation": {
				"angle": 0,
				"axis": "y",
				"origin": [7.27273, 3.9958, 7.74753]
			},
			"faces": {
				"north": {
					"uv": [7, 6.5, 7.75, 7],
					"texture": "#2"
				},
				"east": {
					"uv": [7, 7, 7.75, 7.5],
					"texture": "#2"
				},
				"south": {
					"uv": [7.5, 0, 8.25, 0.5],
					"texture": "#2"
				},
				"west": {
					"uv": [7.5, 0.5, 8.25, 1],
					"texture": "#2"
				},
				"up": {
					"uv": [3.75, 6.75, 3, 6],
					"texture": "#2"
				},
				"down": {
					"uv": [6.75, 3.5, 6, 4.25],
					"texture": "#2"
				}
			}
		},
		{
			"from": [7.92727, 9.81398, 7.74753],
			"to": [8.07273, 25.08671, 9.20208],
			"rotation": {
				"angle": 0,
				"axis": "y",
				"origin": [7.27273, 9.81398, 7.74753]
			},
			"faces": {
				"north": {
					"uv": [2, 0, 2.25, 13.5],
					"texture": "#2"
				},
				"east": {
					"uv": [0, 0, 1, 13.5],
					"texture": "#2"
				},
				"south": {
					"uv": [2.5, 0, 2.75, 13.5],
					"texture": "#2"
				},
				"west": {
					"uv": [1, 0, 2, 13.5],
					"texture": "#2"
				},
				"up": {
					"uv": [8.25, 2, 8, 1],
					"texture": "#2"
				},
				"down": {
					"uv": [8.25, 2, 8, 3],
					"texture": "#2"
				}
			}
		},
		{
			"from": [7.92727, 25.08671, 8.11117],
			"to": [8.07273, 27.26852, 9.20208],
			"rotation": {
				"angle": 0,
				"axis": "y",
				"origin": [7.27273, 5.45034, 7.74753]
			},
			"faces": {
				"north": {
					"uv": [7.5, 1, 7.75, 2.5],
					"texture": "#2"
				},
				"east": {
					"uv": [4, 3, 4.75, 4.5],
					"texture": "#2"
				},
				"south": {
					"uv": [3, 7.5, 3.25, 9],
					"texture": "#2"
				},
				"west": {
					"uv": [4, 4.5, 4.75, 6],
					"texture": "#2"
				},
				"up": {
					"uv": [8.25, 4.75, 8, 4],
					"texture": "#2"
				},
				"down": {
					"uv": [4.75, 8, 4.5, 8.75],
					"texture": "#2"
				}
			}
		},
		{
			"from": [7.92727, 27.26852, 8.47481],
			"to": [8.07273, 28.72307, 9.20208],
			"rotation": {
				"angle": 0,
				"axis": "y",
				"origin": [7.27273, 6.90489, 7.74753]
			},
			"faces": {
				"north": {
					"uv": [3.5, 8, 3.75, 9],
					"texture": "#2"
				},
				"east": {
					"uv": [6, 5.5, 6.5, 6.5],
					"texture": "#2"
				},
				"south": {
					"uv": [4, 8, 4.25, 9],
					"texture": "#2"
				},
				"west": {
					"uv": [6.5, 0, 7, 1],
					"texture": "#2"
				},
				"up": {
					"uv": [7.25, 8.5, 7, 8],
					"texture": "#2"
				},
				"down": {
					"uv": [8.25, 7, 8, 7.5],
					"texture": "#2"
				}
			}
		}
	]
}