{
	"textures": {
		"3": "animated_java:blueprint/mage_hunter/short_sword",
		"particle": "minecraft:item/pufferfish"
	},
	"display": {
		"head": {
			"rotation": [0, 180, 0]
		}
	},
	"elements": [
		{
			"from": [7.57143, 5.13095, 7.5],
			"to": [8.42857, 10.27381, 8.35715],
			"rotation": {
				"angle": 0,
				"axis": "y",
				"origin": [7.14286, 8.55953, 7.07143]
			},
			"faces": {
				"north": {
					"uv": [6, 6, 7, 12],
					"texture": "#3"
				},
				"east": {
					"uv": [7, 6, 8, 12],
					"texture": "#3"
				},
				"south": {
					"uv": [8, 6, 9, 12],
					"texture": "#3"
				},
				"west": {
					"uv": [9, 0, 10, 6],
					"texture": "#3"
				},
				"up": {
					"uv": [13, 3, 12, 2],
					"texture": "#3"
				},
				"down": {
					"uv": [13, 3, 12, 4],
					"texture": "#3"
				}
			}
		},
		{
			"from": [6.92857, 10.27381, 6.85715],
			"to": [9.07143, 10.70238, 9],
			"rotation": {
				"angle": 0,
				"axis": "y",
				"origin": [7.14286, 10.27381, 7.07143]
			},
			"faces": {
				"north": {
					"uv": [11, 10, 13.5, 10.5],
					"texture": "#3"
				},
				"east": {
					"uv": [11, 11, 13.5, 11.5],
					"texture": "#3"
				},
				"south": {
					"uv": [12, 0, 14.5, 0.5],
					"texture": "#3"
				},
				"west": {
					"uv": [12, 1, 14.5, 1.5],
					"texture": "#3"
				},
				"up": {
					"uv": [8.5, 2.5, 6, 0],
					"texture": "#3"
				},
				"down": {
					"uv": [8.5, 3, 6, 5.5],
					"texture": "#3"
				}
			}
		},
		{
			"from": [7.14286, 9.63095, 7.07143],
			"to": [8.85714, 9.84524, 8.78572],
			"rotation": {
				"angle": 0,
				"axis": "y",
				"origin": [7.14286, 9.20238, 7.07143]
			},
			"faces": {
				"north": {
					"uv": [12, 4, 14, 4.5],
					"texture": "#3"
				},
				"east": {
					"uv": [12, 5, 14, 5.5],
					"texture": "#3"
				},
				"south": {
					"uv": [6, 12, 8, 12.5],
					"texture": "#3"
				},
				"west": {
					"uv": [12, 6, 14, 6.5],
					"texture": "#3"
				},
				"up": {
					"uv": [11, 8, 9, 6],
					"texture": "#3"
				},
				"down": {
					"uv": [11, 8, 9, 10],
					"texture": "#3"
				}
			}
		},
		{
			"from": [7.35714, 4.70238, 7.28572],
			"to": [8.64286, 5.13095, 8.57143],
			"rotation": {
				"angle": 0,
				"axis": "y",
				"origin": [7.14286, 4.4881, 7.07143]
			},
			"faces": {
				"north": {
					"uv": [13, 3, 14.5, 3.5],
					"texture": "#3"
				},
				"east": {
					"uv": [6, 13, 7.5, 13.5],
					"texture": "#3"
				},
				"south": {
					"uv": [13, 7, 14.5, 7.5],
					"texture": "#3"
				},
				"west": {
					"uv": [13, 8, 14.5, 8.5],
					"texture": "#3"
				},
				"up": {
					"uv": [11.5, 5.5, 10, 4],
					"texture": "#3"
				},
				"down": {
					"uv": [10.5, 10, 9, 11.5],
					"texture": "#3"
				}
			}
		},
		{
			"from": [7.57143, 4.27381, 7.5],
			"to": [8.42857, 4.70238, 8.35715],
			"rotation": {
				"angle": 0,
				"axis": "y",
				"origin": [7.14286, 4.05953, 7.07143]
			},
			"faces": {
				"north": {
					"uv": [13, 9, 14, 9.5],
					"texture": "#3"
				},
				"east": {
					"uv": [14, 2, 15, 2.5],
					"texture": "#3"
				},
				"south": {
					"uv": [6, 14, 7, 14.5],
					"texture": "#3"
				},
				"west": {
					"uv": [14, 6, 15, 6.5],
					"texture": "#3"
				},
				"up": {
					"uv": [13, 8, 12, 7],
					"texture": "#3"
				},
				"down": {
					"uv": [9, 12, 8, 13],
					"texture": "#3"
				}
			}
		},
		{
			"from": [7.91429, 10.27381, 7.28572],
			"to": [8.08571, 23.9881, 8.57143],
			"rotation": {
				"angle": 0,
				"axis": "y",
				"origin": [7.14286, 10.27381, 7.07143]
			},
			"faces": {
				"north": {
					"uv": [4, 0, 4.5, 16],
					"texture": "#3"
				},
				"east": {
					"uv": [0, 0, 1.5, 16],
					"texture": "#3"
				},
				"south": {
					"uv": [5, 0, 5.5, 16],
					"texture": "#3"
				},
				"west": {
					"uv": [2, 0, 3.5, 16],
					"texture": "#3"
				},
				"up": {
					"uv": [8.5, 14.5, 8, 13],
					"texture": "#3"
				},
				"down": {
					"uv": [12.5, 13, 12, 14.5],
					"texture": "#3"
				}
			}
		},
		{
			"from": [7.91429, 23.9881, 7.5],
			"to": [8.08571, 25.70238, 8.57143],
			"rotation": {
				"angle": 0,
				"axis": "y",
				"origin": [7.14286, 9.41667, 7.07143]
			},
			"faces": {
				"north": {
					"uv": [12, 8, 12.5, 10],
					"texture": "#3"
				},
				"east": {
					"uv": [10, 0, 11.5, 2],
					"texture": "#3"
				},
				"south": {
					"uv": [9, 12, 9.5, 14],
					"texture": "#3"
				},
				"west": {
					"uv": [10, 2, 11.5, 4],
					"texture": "#3"
				},
				"up": {
					"uv": [13.5, 13.5, 13, 12],
					"texture": "#3"
				},
				"down": {
					"uv": [14.5, 4, 14, 5.5],
					"texture": "#3"
				}
			}
		},
		{
			"from": [7.91429, 25.70238, 7.71429],
			"to": [8.08571, 27.41667, 8.57143],
			"rotation": {
				"angle": 0,
				"axis": "y",
				"origin": [7.14286, 11.13095, 7.07143]
			},
			"faces": {
				"north": {
					"uv": [10, 12, 10.5, 14],
					"texture": "#3"
				},
				"east": {
					"uv": [11, 6, 12, 8],
					"texture": "#3"
				},
				"south": {
					"uv": [11, 12, 11.5, 14],
					"texture": "#3"
				},
				"west": {
					"uv": [11, 8, 12, 10],
					"texture": "#3"
				},
				"up": {
					"uv": [7.5, 15, 7, 14],
					"texture": "#3"
				},
				"down": {
					"uv": [9.5, 14, 9, 15],
					"texture": "#3"
				}
			}
		},
		{
			"from": [7.91429, 27.41667, 7.92857],
			"to": [8.08571, 28.27381, 8.57143],
			"rotation": {
				"angle": 0,
				"axis": "y",
				"origin": [7.14286, 12.84524, 7.07143]
			},
			"faces": {
				"north": {
					"uv": [14, 9, 14.5, 10],
					"texture": "#3"
				},
				"east": {
					"uv": [12, 12, 13, 13],
					"texture": "#3"
				},
				"south": {
					"uv": [10, 14, 10.5, 15],
					"texture": "#3"
				},
				"west": {
					"uv": [13, 2, 14, 3],
					"texture": "#3"
				},
				"up": {
					"uv": [14.5, 11, 14, 10],
					"texture": "#3"
				},
				"down": {
					"uv": [11.5, 14, 11, 15],
					"texture": "#3"
				}
			}
		}
	]
}