{
	"textures": {
		"1": "animated_java:blueprint/mage_hunter/hunter_body",
		"particle": "minecraft:item/pufferfish"
	},
	"display": {
		"head": {
			"rotation": [0, 180, 0]
		}
	},
	"elements": [
		{
			"from": [3.75, 10.75, 10.3],
			"to": [12.25, 15.25, 10.3],
			"rotation": {
				"angle": 0,
				"axis": "y",
				"origin": [8, 11.75, 10.05]
			},
			"faces": {
				"north": {
					"uv": [0, 7.25, 2.125, 8.375],
					"texture": "#1"
				},
				"east": {
					"uv": [0, 0, 0, 1.125],
					"texture": "#1"
				},
				"south": {
					"uv": [7.5, 5.75, 9.625, 6.875],
					"texture": "#1"
				},
				"west": {
					"uv": [0, 0, 0, 1.125],
					"texture": "#1"
				},
				"up": {
					"uv": [2.125, 0, 0, 0],
					"texture": "#1"
				},
				"down": {
					"uv": [2.125, 0, 0, 0],
					"texture": "#1"
				}
			}
		}
	]
}