{
	"textures": {
		"1": "animated_java:blueprint/mage_hunter/hunter_body",
		"particle": "minecraft:item/pufferfish"
	},
	"display": {
		"head": {
			"rotation": [0, 180, 0]
		}
	},
	"elements": [
		{
			"from": [4.25, 2.5, 6],
			"to": [11.75, 7.35, 10],
			"rotation": {
				"angle": 0,
				"axis": "y",
				"origin": [8, -10, 7]
			},
			"faces": {
				"north": {
					"uv": [7.5, 7, 9.375, 8.25],
					"texture": "#1"
				},
				"east": {
					"uv": [11.75, 9, 12.75, 10.25],
					"texture": "#1"
				},
				"south": {
					"uv": [8, 0, 9.875, 1.25],
					"texture": "#1"
				},
				"west": {
					"uv": [11.75, 10.25, 12.75, 11.5],
					"texture": "#1"
				},
				"up": {
					"uv": [9.375, 9.25, 7.5, 8.25],
					"texture": "#1"
				},
				"down": {
					"uv": [1.875, 8.5, 0, 9.5],
					"texture": "#1"
				}
			}
		},
		{
			"from": [4, 4, 5.55],
			"to": [12, 5.25, 10.45],
			"rotation": {
				"angle": 0,
				"axis": "y",
				"origin": [8, 3.5, 8]
			},
			"faces": {
				"north": {
					"uv": [13.5, 10.25, 15.5, 10.625],
					"texture": "#1"
				},
				"east": {
					"uv": [14.25, 13.25, 15.5, 13.625],
					"texture": "#1"
				},
				"south": {
					"uv": [7.75, 14.25, 9.75, 14.625],
					"texture": "#1"
				},
				"west": {
					"uv": [14.25, 13.75, 15.5, 14.125],
					"texture": "#1"
				},
				"up": {
					"uv": [9, 4.5, 7, 3.25],
					"texture": "#1"
				},
				"down": {
					"uv": [9, 4.5, 7, 5.75],
					"texture": "#1"
				}
			}
		},
		{
			"from": [3.9, 4.5, 5.75],
			"to": [9.3, 5.5, 10.15],
			"rotation": {
				"angle": -22.5,
				"axis": "z",
				"origin": [8, 5.375, 8]
			},
			"faces": {
				"north": {
					"uv": [14.25, 14.25, 15.625, 14.5],
					"texture": "#1"
				},
				"east": {
					"uv": [14.5, 0.25, 15.625, 0.5],
					"texture": "#1"
				},
				"south": {
					"uv": [14.5, 0, 15.875, 0.25],
					"texture": "#1"
				},
				"west": {
					"uv": [14.5, 0.5, 15.625, 0.75],
					"texture": "#1"
				},
				"up": {
					"uv": [3.875, 10.875, 2.5, 9.75],
					"texture": "#1"
				},
				"down": {
					"uv": [11.125, 5, 9.75, 6.125],
					"texture": "#1"
				}
			}
		}
	]
}