{
	"textures": {
		"0": "animated_java:blueprint/raptor/raptor_body",
		"particle": "minecraft:item/pufferfish"
	},
	"display": {
		"head": {
			"rotation": [0, 180, 0]
		}
	},
	"elements": [
		{
			"from": [5, 10, 2],
			"to": [12, 14.75, 5],
			"rotation": {
				"angle": 0,
				"axis": "y",
				"origin": [8, 8, -2]
			},
			"faces": {
				"north": {
					"uv": [10, 0, 11.75, 1.25],
					"texture": "#0"
				},
				"east": {
					"uv": [6.75, 11.5, 7.5, 12.75],
					"texture": "#0"
				},
				"south": {
					"uv": [10, 1.25, 11.75, 2.5],
					"texture": "#0"
				},
				"west": {
					"uv": [7.5, 11.5, 8.25, 12.75],
					"texture": "#0"
				},
				"up": {
					"uv": [13, 8.75, 11.25, 8],
					"texture": "#0"
				},
				"down": {
					"uv": [13, 8.75, 11.25, 9.5],
					"texture": "#0"
				}
			}
		},
		{
			"from": [4, 9, 5],
			"to": [13, 15, 15],
			"rotation": {
				"angle": 0,
				"axis": "y",
				"origin": [8, 8, 8]
			},
			"faces": {
				"north": {
					"uv": [9, 8, 11.25, 9.5],
					"texture": "#0"
				},
				"east": {
					"uv": [7.75, 5, 10.25, 6.5],
					"texture": "#0"
				},
				"south": {
					"uv": [9, 9.5, 11.25, 11],
					"texture": "#0"
				},
				"west": {
					"uv": [9, 6.5, 11.5, 8],
					"texture": "#0"
				},
				"up": {
					"uv": [10, 2.5, 7.75, 0],
					"texture": "#0"
				},
				"down": {
					"uv": [10, 2.5, 7.75, 5],
					"texture": "#0"
				}
			}
		},
		{
			"from": [5.5, 11, 14.5],
			"to": [11.5, 14, 18.5],
			"rotation": {
				"angle": 22.5,
				"axis": "x",
				"origin": [8, 13, 15.5]
			},
			"faces": {
				"north": {
					"uv": [11.5, 3.5, 13, 4.25],
					"texture": "#0"
				},
				"east": {
					"uv": [11.5, 7, 12.5, 7.75],
					"texture": "#0"
				},
				"south": {
					"uv": [11.5, 4.25, 13, 5],
					"texture": "#0"
				},
				"west": {
					"uv": [8.25, 11.5, 9.25, 12.25],
					"texture": "#0"
				},
				"up": {
					"uv": [11.75, 6.5, 10.25, 5.5],
					"texture": "#0"
				},
				"down": {
					"uv": [1.5, 10.75, 0, 11.75],
					"texture": "#0"
				}
			}
		}
	]
}