{
	"textures": {
		"0": "animated_java:blueprint/raptor/raptor_body",
		"particle": "minecraft:item/pufferfish"
	},
	"display": {
		"head": {
			"rotation": [0, 180, 0]
		}
	},
	"elements": [
		{
			"from": [5.5, 6, 3.5],
			"to": [10.5, 10, 9],
			"rotation": {
				"angle": 0,
				"axis": "y",
				"origin": [8, 7.75, 7]
			},
			"faces": {
				"north": {
					"uv": [7.75, 6.5, 9, 7.5],
					"texture": "#0"
				},
				"east": {
					"uv": [1.5, 10.75, 3, 11.75],
					"texture": "#0"
				},
				"south": {
					"uv": [11.25, 9.5, 12.5, 10.5],
					"texture": "#0"
				},
				"west": {
					"uv": [3, 10.75, 4.5, 11.75],
					"texture": "#0"
				},
				"up": {
					"uv": [11.25, 4, 10, 2.5],
					"texture": "#0"
				},
				"down": {
					"uv": [11.5, 4, 10.25, 5.5],
					"texture": "#0"
				}
			}
		},
		{
			"from": [7, 6.5, 1],
			"to": [9, 8.5, 4],
			"rotation": {
				"angle": 0,
				"axis": "y",
				"origin": [8, 6.5, 3]
			},
			"faces": {
				"north": {
					"uv": [13, 3.5, 13.5, 4],
					"texture": "#0"
				},
				"east": {
					"uv": [0.5, 12.75, 1.25, 13.25],
					"texture": "#0"
				},
				"south": {
					"uv": [13, 4, 13.5, 4.5],
					"texture": "#0"
				},
				"west": {
					"uv": [1.25, 12.75, 2, 13.25],
					"texture": "#0"
				},
				"up": {
					"uv": [2.5, 13.5, 2, 12.75],
					"texture": "#0"
				},
				"down": {
					"uv": [3, 12.75, 2.5, 13.5],
					"texture": "#0"
				}
			}
		},
		{
			"from": [7, 5.5, 1],
			"to": [9, 6.5, 2.25],
			"rotation": {
				"angle": 0,
				"axis": "y",
				"origin": [8, 4.5, 2]
			},
			"faces": {
				"north": {
					"uv": [3.75, 11.75, 4.25, 12],
					"texture": "#0"
				},
				"east": {
					"uv": [13.25, 9, 13.5, 9.25],
					"texture": "#0"
				},
				"south": {
					"uv": [13, 1.75, 13.5, 2],
					"texture": "#0"
				},
				"west": {
					"uv": [13.25, 9.25, 13.5, 9.5],
					"texture": "#0"
				},
				"up": {
					"uv": [13.5, 7.75, 13, 7.5],
					"texture": "#0"
				},
				"down": {
					"uv": [1.25, 13.25, 0.75, 13.5],
					"texture": "#0"
				}
			}
		},
		{
			"from": [4, 9.75, 7.75],
			"to": [12, 12.25, 7.75],
			"rotation": {
				"angle": 45,
				"axis": "x",
				"origin": [8, 10.75, 7.75]
			},
			"faces": {
				"north": {
					"uv": [4.5, 10.75, 6.5, 11.5],
					"texture": "#0"
				},
				"east": {
					"uv": [0, 0, 0, 0.75],
					"texture": "#0"
				},
				"south": {
					"uv": [4.5, 10.75, 6.5, 11.5],
					"texture": "#0"
				},
				"west": {
					"uv": [0, 0, 0, 0.75],
					"texture": "#0"
				},
				"up": {
					"uv": [2, 0, 0, 0],
					"texture": "#0"
				},
				"down": {
					"uv": [0, 0, 2, 0],
					"texture": "#0"
				}
			}
		},
		{
			"from": [5.5, 4.75, 8],
			"to": [10.5, 6.25, 8],
			"rotation": {
				"angle": -45,
				"axis": "x",
				"origin": [8, 5.25, 8]
			},
			"faces": {
				"north": {
					"uv": [5.25, 12, 6.5, 12.5],
					"texture": "#0"
				},
				"east": {
					"uv": [0, 0, 0, 0.5],
					"texture": "#0"
				},
				"south": {
					"uv": [5.25, 12, 6.5, 12.5],
					"texture": "#0"
				},
				"west": {
					"uv": [0, 0, 0, 0.5],
					"texture": "#0"
				},
				"up": {
					"uv": [1.25, 0, 0, 0],
					"texture": "#0"
				},
				"down": {
					"uv": [0, 0, 1.25, 0],
					"texture": "#0"
				}
			}
		},
		{
			"from": [4, 6, 6.25],
			"to": [4, 10, 9.5],
			"rotation": {
				"angle": -45,
				"axis": "y",
				"origin": [4.5, 9, 8.5]
			},
			"faces": {
				"north": {
					"uv": [0, 0, 0, 1],
					"texture": "#0"
				},
				"east": {
					"uv": [1.5, 11.75, 2.25, 12.75],
					"texture": "#0"
				},
				"south": {
					"uv": [0, 0, 0, 1],
					"texture": "#0"
				},
				"west": {
					"uv": [1.5, 11.75, 2.25, 12.75],
					"texture": "#0"
				},
				"up": {
					"uv": [0, 0, 0, 1],
					"texture": "#0"
				},
				"down": {
					"uv": [0, 0, 0, 1],
					"texture": "#0"
				}
			}
		},
		{
			"from": [12, 6, 6.25],
			"to": [12, 10, 9.5],
			"rotation": {
				"angle": 45,
				"axis": "y",
				"origin": [11.5, 9, 8.5]
			},
			"faces": {
				"north": {
					"uv": [0, 0, 0, 1],
					"texture": "#0"
				},
				"east": {
					"uv": [2.25, 11.75, 3, 12.75],
					"texture": "#0"
				},
				"south": {
					"uv": [0, 0, 0, 1],
					"texture": "#0"
				},
				"west": {
					"uv": [3, 11.75, 3.75, 12.75],
					"texture": "#0"
				},
				"up": {
					"uv": [0, 0, 0, 1],
					"texture": "#0"
				},
				"down": {
					"uv": [0, 0, 0, 1],
					"texture": "#0"
				}
			}
		}
	]
}