{
	"textures": {
		"0": "animated_java:blueprint/raptor/raptor_body",
		"particle": "minecraft:item/pufferfish"
	},
	"display": {
		"head": {
			"rotation": [0, 180, 0]
		}
	},
	"elements": [
		{
			"from": [7.25, 5, 7],
			"to": [8.75, 9, 9],
			"rotation": {
				"angle": 0,
				"axis": "y",
				"origin": [8, 7, 8]
			},
			"faces": {
				"north": {
					"uv": [5.75, 12.5, 6.25, 13.5],
					"texture": "#0"
				},
				"east": {
					"uv": [6.25, 12.5, 6.75, 13.5],
					"texture": "#0"
				},
				"south": {
					"uv": [9.25, 12.5, 9.75, 13.5],
					"texture": "#0"
				},
				"west": {
					"uv": [12.5, 9.5, 13, 10.5],
					"texture": "#0"
				},
				"up": {
					"uv": [13.5, 1.25, 13, 0.75],
					"texture": "#0"
				},
				"down": {
					"uv": [13.5, 1.25, 13, 1.75],
					"texture": "#0"
				}
			}
		},
		{
			"from": [7, 5.5, 6.75],
			"to": [9, 9, 6.75],
			"rotation": {
				"angle": 0,
				"axis": "y",
				"origin": [8, 7, 7.75]
			},
			"faces": {
				"north": {
					"uv": [9.75, 12.5, 10.25, 13.5],
					"texture": "#0"
				},
				"east": {
					"uv": [0, 0, 0, 1],
					"texture": "#0"
				},
				"south": {
					"uv": [10.25, 12.5, 10.75, 13.5],
					"texture": "#0"
				},
				"west": {
					"uv": [0, 0, 0, 1],
					"texture": "#0"
				},
				"up": {
					"uv": [0, 0, 0.5, 0],
					"texture": "#0"
				},
				"down": {
					"uv": [0, 0, 0.5, 0],
					"texture": "#0"
				}
			}
		},
		{
			"from": [9, 5.5, 6.75],
			"to": [9, 9, 9.25],
			"rotation": {
				"angle": 0,
				"axis": "y",
				"origin": [10, 7, 7.75]
			},
			"faces": {
				"north": {
					"uv": [0, 0, 0, 1],
					"texture": "#0"
				},
				"east": {
					"uv": [0, 11.75, 0.75, 12.75],
					"texture": "#0"
				},
				"south": {
					"uv": [0, 0, 0, 1],
					"texture": "#0"
				},
				"west": {
					"uv": [11.75, 0, 12.5, 1],
					"texture": "#0"
				},
				"up": {
					"uv": [0, 0, 0, 0.75],
					"texture": "#0"
				},
				"down": {
					"uv": [0, 0, 0, 0.75],
					"texture": "#0"
				}
			}
		},
		{
			"from": [7, 5.5, 6.75],
			"to": [7, 9, 9.25],
			"rotation": {
				"angle": 0,
				"axis": "y",
				"origin": [8, 7, 7.75]
			},
			"faces": {
				"north": {
					"uv": [0, 0, 0, 1],
					"texture": "#0"
				},
				"east": {
					"uv": [0.75, 11.75, 1.5, 12.75],
					"texture": "#0"
				},
				"south": {
					"uv": [0, 0, 0, 1],
					"texture": "#0"
				},
				"west": {
					"uv": [11.75, 1, 12.5, 2],
					"texture": "#0"
				},
				"up": {
					"uv": [0, 0, 0, 0.75],
					"texture": "#0"
				},
				"down": {
					"uv": [0, 0, 0, 0.75],
					"texture": "#0"
				}
			}
		},
		{
			"from": [7, 5.5, 9.25],
			"to": [9, 9, 9.25],
			"rotation": {
				"angle": 0,
				"axis": "y",
				"origin": [8, 7, 10.25]
			},
			"faces": {
				"north": {
					"uv": [10.75, 12.5, 11.25, 13.5],
					"texture": "#0"
				},
				"east": {
					"uv": [0, 0, 0, 1],
					"texture": "#0"
				},
				"south": {
					"uv": [11.25, 12.5, 11.75, 13.5],
					"texture": "#0"
				},
				"west": {
					"uv": [0, 0, 0, 1],
					"texture": "#0"
				},
				"up": {
					"uv": [0, 0, 0.5, 0],
					"texture": "#0"
				},
				"down": {
					"uv": [0, 0, 0.5, 0],
					"texture": "#0"
				}
			}
		}
	]
}