{
	"textures": {
		"0": "animated_java:blueprint/raptor/raptor_body",
		"particle": "minecraft:item/pufferfish"
	},
	"display": {
		"head": {
			"rotation": [0, 180, 0]
		}
	},
	"elements": [
		{
			"from": [2.99453, 7.29167, 2.61313],
			"to": [8.99453, 8.54167, 4.61313],
			"rotation": {
				"angle": 0,
				"axis": "y",
				"origin": [7.99453, 6.54167, 3.61313]
			},
			"faces": {
				"north": {
					"uv": [12.75, 12.75, 14.25, 13],
					"texture": "#0"
				},
				"east": {
					"uv": [13.25, 5.5, 13.75, 5.75],
					"texture": "#0"
				},
				"south": {
					"uv": [13, 0, 14.5, 0.25],
					"texture": "#0"
				},
				"west": {
					"uv": [13.25, 5.75, 13.75, 6],
					"texture": "#0"
				},
				"up": {
					"uv": [13.25, 6.5, 11.75, 6],
					"texture": "#0"
				},
				"down": {
					"uv": [5.25, 12, 3.75, 12.5],
					"texture": "#0"
				}
			}
		},
		{
			"from": [-6.00547, 8.04167, -2.38687],
			"to": [8.99453, 8.04167, 12.61313],
			"rotation": {
				"angle": 0,
				"axis": "y",
				"origin": [7.99453, 6.79167, 5.61313]
			},
			"faces": {
				"north": {
					"uv": [0, 0, 3.75, 0],
					"texture": "#0"
				},
				"east": {
					"uv": [0, 0, 3.75, 0],
					"texture": "#0"
				},
				"south": {
					"uv": [0, 0, 3.75, 0],
					"texture": "#0"
				},
				"west": {
					"uv": [0, 0, 3.75, 0],
					"texture": "#0"
				},
				"up": {
					"uv": [7.75, 7.5, 4, 3.75],
					"texture": "#0"
				},
				"down": {
					"uv": [4, 0, 7.75, 3.75],
					"texture": "#0"
				}
			}
		},
		{
			"from": [-6.25547, 7.54167, 2.11313],
			"to": [2.74453, 8.54167, 4.11313],
			"rotation": {
				"angle": -22.5,
				"axis": "y",
				"origin": [1.74453, 6.54167, 3.11313]
			},
			"faces": {
				"north": {
					"uv": [12.25, 12, 14.5, 12.25],
					"texture": "#0"
				},
				"east": {
					"uv": [13.25, 6, 13.75, 6.25],
					"texture": "#0"
				},
				"south": {
					"uv": [12.25, 12.25, 14.5, 12.5],
					"texture": "#0"
				},
				"west": {
					"uv": [13.25, 6.25, 13.75, 6.5],
					"texture": "#0"
				},
				"up": {
					"uv": [13.75, 5.5, 11.5, 5],
					"texture": "#0"
				},
				"down": {
					"uv": [13.75, 6.5, 11.5, 7],
					"texture": "#0"
				}
			}
		}
	]
}