{
	"textures": {
		"0": "animated_java:blueprint/raptor/raptor_body",
		"particle": "minecraft:item/pufferfish"
	},
	"display": {
		"head": {
			"rotation": [0, 180, 0]
		}
	},
	"elements": [
		{
			"from": [-3.1875, 7.8375, 4.5],
			"to": [8.0625, 8.1875, 6.5],
			"rotation": {
				"angle": 0,
				"axis": "y",
				"origin": [6.8125, 6.6875, 5.5]
			},
			"faces": {
				"north": {
					"uv": [12, 11.25, 14.75, 11.5],
					"texture": "#0"
				},
				"east": {
					"uv": [13.25, 7, 13.75, 7.25],
					"texture": "#0"
				},
				"south": {
					"uv": [12.25, 11.5, 15, 11.75],
					"texture": "#0"
				},
				"west": {
					"uv": [13.25, 7.25, 13.75, 7.5],
					"texture": "#0"
				},
				"up": {
					"uv": [14, 3, 11.25, 2.5],
					"texture": "#0"
				},
				"down": {
					"uv": [14, 3, 11.25, 3.5],
					"texture": "#0"
				}
			}
		},
		{
			"from": [-8.1875, 7.9375, 3],
			"to": [7.3125, 7.9375, 18],
			"rotation": {
				"angle": 0,
				"axis": "y",
				"origin": [6.8125, 6.6875, 5.5]
			},
			"faces": {
				"north": {
					"uv": [0, 0, 4, 0],
					"texture": "#0"
				},
				"east": {
					"uv": [0, 0, 3.75, 0],
					"texture": "#0"
				},
				"south": {
					"uv": [0, 0, 4, 0],
					"texture": "#0"
				},
				"west": {
					"uv": [0, 0, 3.75, 0],
					"texture": "#0"
				},
				"up": {
					"uv": [4, 7.5, 0, 3.75],
					"texture": "#0"
				},
				"down": {
					"uv": [0, 0, 4, 3.75],
					"texture": "#0"
				}
			}
		}
	]
}