{
	"textures": {
		"0": "animated_java:blueprint/raptor/raptor_body",
		"particle": "minecraft:item/pufferfish"
	},
	"display": {
		"head": {
			"rotation": [0, 180, 0]
		}
	},
	"elements": [
		{
			"from": [7.5, 5.5, 7.25],
			"to": [8.5, 8, 8.75],
			"rotation": {
				"angle": 0,
				"axis": "y",
				"origin": [8, 6, 8]
			},
			"faces": {
				"north": {
					"uv": [6.75, 13, 7, 13.75],
					"texture": "#0"
				},
				"east": {
					"uv": [12.25, 12.5, 12.75, 13.25],
					"texture": "#0"
				},
				"south": {
					"uv": [7, 13, 7.25, 13.75],
					"texture": "#0"
				},
				"west": {
					"uv": [0, 12.75, 0.5, 13.5],
					"texture": "#0"
				},
				"up": {
					"uv": [13.25, 8.5, 13, 8],
					"texture": "#0"
				},
				"down": {
					"uv": [13.25, 8.5, 13, 9],
					"texture": "#0"
				}
			}
		},
		{
			"from": [7.5, 5.5, 5.5],
			"to": [8.5, 5.5, 7.25],
			"rotation": {
				"angle": 0,
				"axis": "y",
				"origin": [8, 6, 6.5]
			},
			"faces": {
				"north": {
					"uv": [0, 0, 0.25, 0],
					"texture": "#0"
				},
				"east": {
					"uv": [0, 0, 0.5, 0],
					"texture": "#0"
				},
				"south": {
					"uv": [0, 0, 0.25, 0],
					"texture": "#0"
				},
				"west": {
					"uv": [0, 0, 0.5, 0],
					"texture": "#0"
				},
				"up": {
					"uv": [13.25, 9.5, 13, 9],
					"texture": "#0"
				},
				"down": {
					"uv": [13.25, 9.5, 13, 10],
					"texture": "#0"
				}
			}
		},
		{
			"from": [7.75, 5, 5.5],
			"to": [8.25, 5.5, 5.5],
			"rotation": {
				"angle": 0,
				"axis": "y",
				"origin": [8, 6, 6.5]
			},
			"faces": {
				"north": {
					"uv": [13.25, 8.25, 13.5, 8.5],
					"texture": "#0"
				},
				"east": {
					"uv": [0, 0, 0, 0.25],
					"texture": "#0"
				},
				"south": {
					"uv": [8.5, 13.25, 8.75, 13.5],
					"texture": "#0"
				},
				"west": {
					"uv": [0, 0, 0, 0.25],
					"texture": "#0"
				},
				"up": {
					"uv": [0, 0, 0.25, 0],
					"texture": "#0"
				},
				"down": {
					"uv": [0, 0, 0.25, 0],
					"texture": "#0"
				}
			}
		},
		{
			"from": [8.1, 5.4, 5.75],
			"to": [8.9, 5.4, 7.5],
			"rotation": {
				"angle": -45,
				"axis": "y",
				"origin": [8.5, 5.9, 6.75]
			},
			"faces": {
				"north": {
					"uv": [0, 0, 0.25, 0],
					"texture": "#0"
				},
				"east": {
					"uv": [0, 0, 0.5, 0],
					"texture": "#0"
				},
				"south": {
					"uv": [0, 0, 0.25, 0],
					"texture": "#0"
				},
				"west": {
					"uv": [0, 0, 0.5, 0],
					"texture": "#0"
				},
				"up": {
					"uv": [13.25, 10.5, 13, 10],
					"texture": "#0"
				},
				"down": {
					"uv": [13, 13, 12.75, 13.5],
					"texture": "#0"
				}
			}
		},
		{
			"from": [8.25, 4.9, 5.75],
			"to": [8.75, 5.4, 5.75],
			"rotation": {
				"angle": -45,
				"axis": "y",
				"origin": [8.5, 5.9, 6.75]
			},
			"faces": {
				"north": {
					"uv": [13.25, 8.5, 13.5, 8.75],
					"texture": "#0"
				},
				"east": {
					"uv": [0, 0, 0, 0.25],
					"texture": "#0"
				},
				"south": {
					"uv": [8.75, 13.25, 9, 13.5],
					"texture": "#0"
				},
				"west": {
					"uv": [0, 0, 0, 0.25],
					"texture": "#0"
				},
				"up": {
					"uv": [0, 0, 0.25, 0],
					"texture": "#0"
				},
				"down": {
					"uv": [0, 0, 0.25, 0],
					"texture": "#0"
				}
			}
		},
		{
			"from": [7.1, 5.4, 5.75],
			"to": [7.9, 5.4, 7.5],
			"rotation": {
				"angle": 45,
				"axis": "y",
				"origin": [7.5, 5.9, 6.75]
			},
			"faces": {
				"north": {
					"uv": [0, 0, 0.25, 0],
					"texture": "#0"
				},
				"east": {
					"uv": [0, 0, 0.5, 0],
					"texture": "#0"
				},
				"south": {
					"uv": [0, 0, 0.25, 0],
					"texture": "#0"
				},
				"west": {
					"uv": [0, 0, 0.5, 0],
					"texture": "#0"
				},
				"up": {
					"uv": [13.25, 13.5, 13, 13],
					"texture": "#0"
				},
				"down": {
					"uv": [0.75, 13.25, 0.5, 13.75],
					"texture": "#0"
				}
			}
		},
		{
			"from": [7.25, 4.9, 5.75],
			"to": [7.75, 5.4, 5.75],
			"rotation": {
				"angle": 45,
				"axis": "y",
				"origin": [7.5, 5.9, 6.75]
			},
			"faces": {
				"north": {
					"uv": [13.25, 8.75, 13.5, 9],
					"texture": "#0"
				},
				"east": {
					"uv": [0, 0, 0, 0.25],
					"texture": "#0"
				},
				"south": {
					"uv": [9, 13.25, 9.25, 13.5],
					"texture": "#0"
				},
				"west": {
					"uv": [0, 0, 0, 0.25],
					"texture": "#0"
				},
				"up": {
					"uv": [0, 0, 0.25, 0],
					"texture": "#0"
				},
				"down": {
					"uv": [0, 0, 0.25, 0],
					"texture": "#0"
				}
			}
		},
		{
			"from": [7.5, 5.5, 7.75],
			"to": [8.5, 5.5, 9.5],
			"rotation": {
				"angle": 0,
				"axis": "y",
				"origin": [8, 6, 8.5]
			},
			"faces": {
				"north": {
					"uv": [0, 0, 0.25, 0],
					"texture": "#0"
				},
				"east": {
					"uv": [0, 0, 0.5, 0],
					"texture": "#0"
				},
				"south": {
					"uv": [0, 0, 0.25, 0],
					"texture": "#0"
				},
				"west": {
					"uv": [0, 0, 0.5, 0],
					"texture": "#0"
				},
				"up": {
					"uv": [13.25, 9.5, 13, 9],
					"rotation": 180,
					"texture": "#0"
				},
				"down": {
					"uv": [13.25, 9.5, 13, 10],
					"rotation": 180,
					"texture": "#0"
				}
			}
		},
		{
			"from": [7.75, 5, 9.5],
			"to": [8.25, 5.5, 9.5],
			"rotation": {
				"angle": 0,
				"axis": "y",
				"origin": [8, 6, 8.5]
			},
			"faces": {
				"north": {
					"uv": [8.5, 13.25, 8.75, 13.5],
					"texture": "#0"
				},
				"east": {
					"uv": [0, 0, 0, 0.25],
					"texture": "#0"
				},
				"south": {
					"uv": [13.25, 8.25, 13.5, 8.5],
					"texture": "#0"
				},
				"west": {
					"uv": [0, 0, 0, 0.25],
					"texture": "#0"
				},
				"up": {
					"uv": [0, 0, 0.25, 0],
					"rotation": 180,
					"texture": "#0"
				},
				"down": {
					"uv": [0, 0, 0.25, 0],
					"rotation": 180,
					"texture": "#0"
				}
			}
		}
	]
}