{
	"textures": {
		"0": "animated_java:blueprint/raptor/raptor_body",
		"particle": "minecraft:item/pufferfish"
	},
	"display": {
		"head": {
			"rotation": [0, 180, 0]
		}
	},
	"elements": [
		{
			"from": [7.9375, 7.8375, 4.5],
			"to": [19.1875, 8.1875, 6.5],
			"rotation": {
				"angle": 0,
				"axis": "y",
				"origin": [9.1875, 6.6875, 5.5]
			},
			"faces": {
				"north": {
					"uv": [11.5, 7.75, 14.25, 8],
					"texture": "#0"
				},
				"east": {
					"uv": [13.25, 4.5, 13.75, 4.75],
					"texture": "#0"
				},
				"south": {
					"uv": [12, 11, 14.75, 11.25],
					"texture": "#0"
				},
				"west": {
					"uv": [13.25, 4.75, 13.75, 5],
					"texture": "#0"
				},
				"up": {
					"uv": [9.25, 11.5, 6.5, 11],
					"texture": "#0"
				},
				"down": {
					"uv": [12, 11, 9.25, 11.5],
					"texture": "#0"
				}
			}
		},
		{
			"from": [8.6875, 7.9375, 3],
			"to": [24.1875, 7.9375, 18],
			"rotation": {
				"angle": 0,
				"axis": "y",
				"origin": [9.1875, 6.6875, 5.5]
			},
			"faces": {
				"north": {
					"uv": [0, 0, 4, 0],
					"texture": "#0"
				},
				"east": {
					"uv": [0, 0, 3.75, 0],
					"texture": "#0"
				},
				"south": {
					"uv": [0, 0, 4, 0],
					"texture": "#0"
				},
				"west": {
					"uv": [0, 0, 3.75, 0],
					"texture": "#0"
				},
				"up": {
					"uv": [4, 3.75, 0, 0],
					"texture": "#0"
				},
				"down": {
					"uv": [0, 3.75, 4, 7.5],
					"texture": "#0"
				}
			}
		}
	]
}