{
	"textures": {
		"0": "animated_java:blueprint/raptor/raptor_body",
		"particle": "minecraft:item/pufferfish"
	},
	"display": {
		"head": {
			"rotation": [0, 180, 0]
		}
	},
	"elements": [
		{
			"from": [7.00547, 7.29167, 2.61313],
			"to": [13.00547, 8.54167, 4.61313],
			"rotation": {
				"angle": 0,
				"axis": "y",
				"origin": [8.00547, 6.54167, 3.61313]
			},
			"faces": {
				"north": {
					"uv": [6.75, 12.75, 8.25, 13],
					"texture": "#0"
				},
				"east": {
					"uv": [1.25, 13.25, 1.75, 13.5],
					"texture": "#0"
				},
				"south": {
					"uv": [12.75, 12.5, 14.25, 12.75],
					"texture": "#0"
				},
				"west": {
					"uv": [13.25, 2, 13.75, 2.25],
					"texture": "#0"
				},
				"up": {
					"uv": [13.25, 2.5, 11.75, 2],
					"texture": "#0"
				},
				"down": {
					"uv": [13.25, 5.5, 11.75, 6],
					"texture": "#0"
				}
			}
		},
		{
			"from": [7.00547, 8.04167, -2.38687],
			"to": [22.00547, 8.04167, 12.61313],
			"rotation": {
				"angle": 0,
				"axis": "y",
				"origin": [8.00547, 6.79167, 5.61313]
			},
			"faces": {
				"north": {
					"uv": [0, 0, 3.75, 0],
					"texture": "#0"
				},
				"east": {
					"uv": [0, 0, 3.75, 0],
					"texture": "#0"
				},
				"south": {
					"uv": [0, 0, 3.75, 0],
					"texture": "#0"
				},
				"west": {
					"uv": [0, 0, 3.75, 0],
					"texture": "#0"
				},
				"up": {
					"uv": [7.75, 3.75, 4, 0],
					"texture": "#0"
				},
				"down": {
					"uv": [4, 3.75, 7.75, 7.5],
					"texture": "#0"
				}
			}
		},
		{
			"from": [13.25547, 7.54167, 2.11313],
			"to": [22.25547, 8.54167, 4.11313],
			"rotation": {
				"angle": 22.5,
				"axis": "y",
				"origin": [14.25547, 6.54167, 3.11313]
			},
			"faces": {
				"north": {
					"uv": [6.5, 10.75, 8.75, 11],
					"texture": "#0"
				},
				"east": {
					"uv": [13.25, 2.25, 13.75, 2.5],
					"texture": "#0"
				},
				"south": {
					"uv": [12.25, 11.75, 14.5, 12],
					"texture": "#0"
				},
				"west": {
					"uv": [3, 13.25, 3.5, 13.5],
					"texture": "#0"
				},
				"up": {
					"uv": [13.5, 11, 11.25, 10.5],
					"texture": "#0"
				},
				"down": {
					"uv": [6.75, 11.5, 4.5, 12],
					"texture": "#0"
				}
			}
		}
	]
}