{
	"textures": {
		"0": "animated_java:blueprint/raptor/raptor_body",
		"particle": "minecraft:item/pufferfish"
	},
	"display": {
		"head": {
			"rotation": [0, 180, 0]
		}
	},
	"elements": [
		{
			"from": [7.5, 5.5, 7.25],
			"to": [8.5, 8, 8.75],
			"rotation": {
				"angle": 0,
				"axis": "y",
				"origin": [8, 6, 8]
			},
			"faces": {
				"north": {
					"uv": [10, 4, 10.25, 4.75],
					"texture": "#0"
				},
				"east": {
					"uv": [12.5, 7, 13, 7.75],
					"texture": "#0"
				},
				"south": {
					"uv": [3.5, 12.75, 3.75, 13.5],
					"texture": "#0"
				},
				"west": {
					"uv": [11.75, 12.5, 12.25, 13.25],
					"texture": "#0"
				},
				"up": {
					"uv": [11.5, 4, 11.25, 3.5],
					"texture": "#0"
				},
				"down": {
					"uv": [6.75, 12, 6.5, 12.5],
					"texture": "#0"
				}
			}
		},
		{
			"from": [7.5, 5.5, 5.5],
			"to": [8.5, 5.5, 7.25],
			"rotation": {
				"angle": 0,
				"axis": "y",
				"origin": [8, 6, 6.5]
			},
			"faces": {
				"north": {
					"uv": [0, 0, 0.25, 0],
					"texture": "#0"
				},
				"east": {
					"uv": [0, 0, 0.5, 0],
					"texture": "#0"
				},
				"south": {
					"uv": [0, 0, 0.25, 0],
					"texture": "#0"
				},
				"west": {
					"uv": [0, 0, 0.5, 0],
					"texture": "#0"
				},
				"up": {
					"uv": [13.25, 5, 13, 4.5],
					"texture": "#0"
				},
				"down": {
					"uv": [13.25, 7, 13, 7.5],
					"texture": "#0"
				}
			}
		},
		{
			"from": [7.75, 5, 5.5],
			"to": [8.25, 5.5, 5.5],
			"rotation": {
				"angle": 0,
				"axis": "y",
				"origin": [8, 6, 6.5]
			},
			"faces": {
				"north": {
					"uv": [10, 4.75, 10.25, 5],
					"texture": "#0"
				},
				"east": {
					"uv": [0, 0, 0, 0.25],
					"texture": "#0"
				},
				"south": {
					"uv": [8.75, 10.75, 9, 11],
					"texture": "#0"
				},
				"west": {
					"uv": [0, 0, 0, 0.25],
					"texture": "#0"
				},
				"up": {
					"uv": [0.25, 0, 0, 0],
					"texture": "#0"
				},
				"down": {
					"uv": [0, 0, 0.25, 0],
					"texture": "#0"
				}
			}
		},
		{
			"from": [7.1, 5.4, 5.75],
			"to": [7.9, 5.4, 7.5],
			"rotation": {
				"angle": 45,
				"axis": "y",
				"origin": [7.5, 5.9, 6.75]
			},
			"faces": {
				"north": {
					"uv": [0, 0, 0.25, 0],
					"texture": "#0"
				},
				"east": {
					"uv": [0, 0, 0.5, 0],
					"texture": "#0"
				},
				"south": {
					"uv": [0, 0, 0.25, 0],
					"texture": "#0"
				},
				"west": {
					"uv": [0, 0, 0.5, 0],
					"texture": "#0"
				},
				"up": {
					"uv": [7.5, 13.5, 7.25, 13],
					"texture": "#0"
				},
				"down": {
					"uv": [7.75, 13, 7.5, 13.5],
					"texture": "#0"
				}
			}
		},
		{
			"from": [7.25, 4.9, 5.75],
			"to": [7.75, 5.4, 5.75],
			"rotation": {
				"angle": 45,
				"axis": "y",
				"origin": [7.5, 5.9, 6.75]
			},
			"faces": {
				"north": {
					"uv": [4.25, 11.75, 4.5, 12],
					"texture": "#0"
				},
				"east": {
					"uv": [0, 0, 0, 0.25],
					"texture": "#0"
				},
				"south": {
					"uv": [1.75, 13.25, 2, 13.5],
					"texture": "#0"
				},
				"west": {
					"uv": [0, 0, 0, 0.25],
					"texture": "#0"
				},
				"up": {
					"uv": [0, 0, 0.25, 0],
					"texture": "#0"
				},
				"down": {
					"uv": [0, 0, 0.25, 0],
					"texture": "#0"
				}
			}
		},
		{
			"from": [8.1, 5.4, 5.75],
			"to": [8.9, 5.4, 7.5],
			"rotation": {
				"angle": -45,
				"axis": "y",
				"origin": [8.5, 5.9, 6.75]
			},
			"faces": {
				"north": {
					"uv": [0, 0, 0.25, 0],
					"texture": "#0"
				},
				"east": {
					"uv": [0, 0, 0.5, 0],
					"texture": "#0"
				},
				"south": {
					"uv": [0, 0, 0.25, 0],
					"texture": "#0"
				},
				"west": {
					"uv": [0, 0, 0.5, 0],
					"texture": "#0"
				},
				"up": {
					"uv": [8, 13.5, 7.75, 13],
					"texture": "#0"
				},
				"down": {
					"uv": [8.25, 13, 8, 13.5],
					"texture": "#0"
				}
			}
		},
		{
			"from": [8.25, 4.9, 5.75],
			"to": [8.75, 5.4, 5.75],
			"rotation": {
				"angle": -45,
				"axis": "y",
				"origin": [8.5, 5.9, 6.75]
			},
			"faces": {
				"north": {
					"uv": [13.25, 8, 13.5, 8.25],
					"texture": "#0"
				},
				"east": {
					"uv": [0, 0, 0, 0.25],
					"texture": "#0"
				},
				"south": {
					"uv": [8.25, 13.25, 8.5, 13.5],
					"texture": "#0"
				},
				"west": {
					"uv": [0, 0, 0, 0.25],
					"texture": "#0"
				},
				"up": {
					"uv": [0, 0, 0.25, 0],
					"texture": "#0"
				},
				"down": {
					"uv": [0, 0, 0.25, 0],
					"texture": "#0"
				}
			}
		},
		{
			"from": [7.75, 5, 9.5],
			"to": [8.25, 5.5, 9.5],
			"rotation": {
				"angle": 0,
				"axis": "y",
				"origin": [8, 6, 8.5]
			},
			"faces": {
				"north": {
					"uv": [8.75, 10.75, 9, 11],
					"texture": "#0"
				},
				"east": {
					"uv": [0, 0, 0, 0.25],
					"texture": "#0"
				},
				"south": {
					"uv": [10, 4.75, 10.25, 5],
					"texture": "#0"
				},
				"west": {
					"uv": [0, 0, 0, 0.25],
					"texture": "#0"
				},
				"up": {
					"uv": [0.25, 0, 0, 0],
					"rotation": 180,
					"texture": "#0"
				},
				"down": {
					"uv": [0, 0, 0.25, 0],
					"rotation": 180,
					"texture": "#0"
				}
			}
		},
		{
			"from": [7.5, 5.5, 7.75],
			"to": [8.5, 5.5, 9.5],
			"rotation": {
				"angle": 0,
				"axis": "y",
				"origin": [8, 6, 8.5]
			},
			"faces": {
				"north": {
					"uv": [0, 0, 0.25, 0],
					"texture": "#0"
				},
				"east": {
					"uv": [0, 0, 0.5, 0],
					"texture": "#0"
				},
				"south": {
					"uv": [0, 0, 0.25, 0],
					"texture": "#0"
				},
				"west": {
					"uv": [0, 0, 0.5, 0],
					"texture": "#0"
				},
				"up": {
					"uv": [13.25, 5, 13, 4.5],
					"rotation": 180,
					"texture": "#0"
				},
				"down": {
					"uv": [13.25, 7, 13, 7.5],
					"rotation": 180,
					"texture": "#0"
				}
			}
		}
	]
}