{
	"textures": {
		"0": "animated_java:blueprint/raptor/raptor_body",
		"particle": "minecraft:item/pufferfish"
	},
	"display": {
		"head": {
			"rotation": [0, 180, 0]
		}
	},
	"elements": [
		{
			"from": [7.25, 5, 7],
			"to": [8.75, 9, 9],
			"rotation": {
				"angle": 0,
				"axis": "y",
				"origin": [8, 7, 8]
			},
			"faces": {
				"north": {
					"uv": [8.25, 12.25, 8.75, 13.25],
					"texture": "#0"
				},
				"east": {
					"uv": [8.75, 12.25, 9.25, 13.25],
					"texture": "#0"
				},
				"south": {
					"uv": [12.5, 0, 13, 1],
					"texture": "#0"
				},
				"west": {
					"uv": [12.5, 1, 13, 2],
					"texture": "#0"
				},
				"up": {
					"uv": [3.5, 13.25, 3, 12.75],
					"texture": "#0"
				},
				"down": {
					"uv": [13.5, 0.25, 13, 0.75],
					"texture": "#0"
				}
			}
		},
		{
			"from": [7, 5.5, 6.75],
			"to": [9, 9, 6.75],
			"rotation": {
				"angle": 0,
				"axis": "y",
				"origin": [8, 7, 7.75]
			},
			"faces": {
				"north": {
					"uv": [3.75, 12.5, 4.25, 13.5],
					"texture": "#0"
				},
				"east": {
					"uv": [0, 0, 0, 1],
					"texture": "#0"
				},
				"south": {
					"uv": [4.25, 12.5, 4.75, 13.5],
					"texture": "#0"
				},
				"west": {
					"uv": [0, 0, 0, 1],
					"texture": "#0"
				},
				"up": {
					"uv": [0.5, 0, 0, 0],
					"texture": "#0"
				},
				"down": {
					"uv": [0, 0, 0.5, 0],
					"texture": "#0"
				}
			}
		},
		{
			"from": [7, 5.5, 6.75],
			"to": [7, 9, 9.25],
			"rotation": {
				"angle": 0,
				"axis": "y",
				"origin": [6, 7, 7.75]
			},
			"faces": {
				"north": {
					"uv": [0, 0, 0, 1],
					"texture": "#0"
				},
				"east": {
					"uv": [9.25, 11.5, 10, 12.5],
					"texture": "#0"
				},
				"south": {
					"uv": [0, 0, 0, 1],
					"texture": "#0"
				},
				"west": {
					"uv": [10, 11.5, 10.75, 12.5],
					"texture": "#0"
				},
				"up": {
					"uv": [0, 0.75, 0, 0],
					"texture": "#0"
				},
				"down": {
					"uv": [0, 0, 0, 0.75],
					"texture": "#0"
				}
			}
		},
		{
			"from": [9, 5.5, 6.75],
			"to": [9, 9, 9.25],
			"rotation": {
				"angle": 0,
				"axis": "y",
				"origin": [8, 7, 7.75]
			},
			"faces": {
				"north": {
					"uv": [0, 0, 0, 1],
					"texture": "#0"
				},
				"east": {
					"uv": [10.75, 11.5, 11.5, 12.5],
					"texture": "#0"
				},
				"south": {
					"uv": [0, 0, 0, 1],
					"texture": "#0"
				},
				"west": {
					"uv": [11.5, 11.5, 12.25, 12.5],
					"texture": "#0"
				},
				"up": {
					"uv": [0, 0, 0, 0.75],
					"texture": "#0"
				},
				"down": {
					"uv": [0, 0, 0, 0.75],
					"texture": "#0"
				}
			}
		},
		{
			"from": [7, 5.5, 9.25],
			"to": [9, 9, 9.25],
			"rotation": {
				"angle": 0,
				"axis": "y",
				"origin": [8, 7, 10.25]
			},
			"faces": {
				"north": {
					"uv": [4.75, 12.5, 5.25, 13.5],
					"texture": "#0"
				},
				"east": {
					"uv": [0, 0, 0, 1],
					"texture": "#0"
				},
				"south": {
					"uv": [5.25, 12.5, 5.75, 13.5],
					"texture": "#0"
				},
				"west": {
					"uv": [0, 0, 0, 1],
					"texture": "#0"
				},
				"up": {
					"uv": [0, 0, 0.5, 0],
					"texture": "#0"
				},
				"down": {
					"uv": [0, 0, 0.5, 0],
					"texture": "#0"
				}
			}
		}
	]
}