{
	"textures": {
		"0": "animated_java:blueprint/raptor/raptor_body",
		"particle": "minecraft:item/pufferfish"
	},
	"display": {
		"head": {
			"rotation": [0, 180, 0]
		}
	},
	"elements": [
		{
			"from": [5.75, 9.75, 6],
			"to": [14.25, 9.75, 19],
			"rotation": {
				"angle": 22.5,
				"axis": "y",
				"origin": [9.75, 9.75, 12.5]
			},
			"faces": {
				"north": {
					"uv": [0, 0, 2.25, 0],
					"texture": "#0"
				},
				"east": {
					"uv": [0, 0, 3.25, 0],
					"texture": "#0"
				},
				"south": {
					"uv": [0, 0, 2.25, 0],
					"texture": "#0"
				},
				"west": {
					"uv": [0, 0, 3.25, 0],
					"texture": "#0"
				},
				"up": {
					"uv": [2.25, 10.75, 0, 7.5],
					"texture": "#0"
				},
				"down": {
					"uv": [2.25, 7.5, 0, 10.75],
					"texture": "#0"
				}
			}
		},
		{
			"from": [0.75, 9.5, 6],
			"to": [9.25, 9.5, 19],
			"rotation": {
				"angle": -22.5,
				"axis": "y",
				"origin": [5.25, 9.5, 12.5]
			},
			"faces": {
				"north": {
					"uv": [0, 0, 2.25, 0],
					"texture": "#0"
				},
				"east": {
					"uv": [0, 0, 3.25, 0],
					"texture": "#0"
				},
				"south": {
					"uv": [0, 0, 2.25, 0],
					"texture": "#0"
				},
				"west": {
					"uv": [0, 0, 3.25, 0],
					"texture": "#0"
				},
				"up": {
					"uv": [6.75, 10.75, 4.5, 7.5],
					"texture": "#0"
				},
				"down": {
					"uv": [6.75, 7.5, 4.5, 10.75],
					"texture": "#0"
				}
			}
		}
	]
}